fecha,equipo,temp,cantidad,lat,lon
2015-09-10 23:58:29,861001000767554,29.3,2,10.00060095,-69.2153375
2015-09-10 23:55:02,861001000767885,28.7,1,10.1813730167,-68.8873342833
2015-09-10 23:53:09,861001000767554,29.45,2,10.00060095,-69.2153375
2015-09-10 23:49:41,861001000767885,28.8,1,10.1813826,-68.8873124
2015-09-10 23:47:39,861001000767554,29.5,2,10.00060095,-69.2153375
2015-09-10 23:44:12,861001000767885,28.8,1,10.18131325,-68.8873293667
2015-09-10 23:42:13,861001000767554,29.6,2,10.00060095,-69.2153375
2015-09-10 23:38:58,861001000767885,28.8,1,10.18131325,-68.8873293667
2015-09-10 23:36:47,861001000767554,29.65,2,10.00060095,-69.2153375
2015-09-10 23:33:26,861001000767885,28.8,1,10.1813073833,-68.8873341333
2015-09-10 23:31:22,861001000767554,29.75,2,10.00060095,-69.2153375
2015-09-10 23:27:59,861001000767885,28.9,1,10.1805684667,-68.8876551833
2015-09-10 23:25:58,861001000767554,29.8,2,10.00060095,-69.2153375
2015-09-10 23:22:45,861001000767885,29,1,10.1805684667,-68.8876551833
2015-09-10 23:20:45,861001000767554,29.95,2,10.00060095,-69.2153375
2015-09-10 23:17:17,861001000767885,29,1,10.18059165,-68.88769025
2015-09-10 23:15:18,861001000767554,30.05,2,10.00060095,-69.2153375
2015-09-10 23:09:51,861001000767554,30.15,2,10.00060095,-69.2153375
2015-09-10 23:04:25,861001000767554,30.2,2,10.00060095,-69.2153375
2015-09-10 22:59:01,861001000767554,30.25,2,10.00060095,-69.2153375
2015-09-10 22:53:34,861001000767554,30.35,2,10.00060095,-69.2153375
2015-09-10 22:48:10,861001000767554,30.4,2,10.00060095,-69.2153375
2015-09-10 22:45:00,861001000767885,29.1,1,10.08646715,-69.1254964667
2015-09-10 22:42:44,861001000767554,30.5,2,10.00060095,-69.2153375
2015-09-10 22:37:16,861001000767554,30.7,2,10.00060095,-69.2153375
2015-09-10 22:34:14,861001000767885,29.1,1,10.0912886,-69.2042023167
2015-09-10 22:31:49,861001000767554,30.7,2,10.00060095,-69.2153375
2015-09-10 22:26:22,861001000767554,30.75,2,10.00060095,-69.2153375
2015-09-10 22:20:55,861001000767554,30.7,2,10.00060095,-69.2153375
2015-09-10 22:15:30,861001000767554,30.9,2,10.00060095,-69.2153375
2015-09-10 22:10:15,861001000767554,30.95,2,10.00060095,-69.2153375
2015-09-10 22:07:11,861001000767885,29.1,1,10.1075157833,-69.2970581667
2015-09-10 22:04:48,861001000767554,31,2,10.00060095,-69.2153375
2015-09-10 21:59:17,861001000767554,31.15,2,10.00060095,-69.2153375
2015-09-10 21:56:36,861001000767885,29,1,10.09817945,-69.3729085667
2015-09-10 21:53:45,861001000767554,31.15,2,10.00060095,-69.2153375
2015-09-10 21:48:20,861001000767554,31.15,2,10.00060095,-69.2153375
2015-09-10 21:45:54,861001000767885,29,1,10.0369343,-69.4357600667
2015-09-10 21:42:56,861001000767554,31.3,2,10.00060095,-69.2153375
2015-09-10 21:40:33,861001000767885,29,1,10.0300723833,-69.4494352167
2015-09-10 21:37:30,861001000767554,31.3,2,10.00060095,-69.2153375
2015-09-10 21:35:03,861001000767885,28.9,1,10.0215740833,-69.46666765
2015-09-10 21:32:04,861001000767554,31.5,2,10.00060095,-69.2153375
2015-09-10 21:26:53,861001000767554,31.45,2,10.00060095,-69.2153375
2015-09-10 21:21:24,861001000767554,31.45,2,10.00060095,-69.2153375
2015-09-10 21:15:55,861001000767554,31.55,2,10.00060095,-69.2153375
2015-09-10 21:13:24,861001000767885,28.8,1,10.0821415833,-69.69529795
2015-09-10 21:10:30,861001000767554,31.65,2,10.00060095,-69.2153375
2015-09-10 21:05:06,861001000767554,31.8,2,10.00060095,-69.2153375
2015-09-10 21:02:32,861001000767885,28.5,1,10.1504518833,-69.7692661333
2015-09-10 20:59:50,861001000767554,31.75,2,10.00060095,-69.2153375
2015-09-10 20:57:07,861001000767885,28.4,1,10.1316855333,-69.8226123167
2015-09-10 20:54:20,861001000767554,31.9,2,10.00060095,-69.2153375
2015-09-10 20:51:42,861001000767885,28.1,1,10.1371844167,-69.8455297833
2015-09-10 20:48:48,861001000767554,31.85,2,10.00060095,-69.2153375
2015-09-10 20:46:18,861001000767885,28,1,10.1371844167,-69.8455297833
2015-09-10 20:43:22,861001000767554,31.95,2,10.00060095,-69.2153375
2015-09-10 20:40:54,861001000767885,28,1,10.1371844167,-69.8455297833
2015-09-10 20:37:59,861001000767554,32,2,10.00060095,-69.2153375
2015-09-10 20:35:29,861001000767885,27.9,1,10.1371844167,-69.8455297833
2015-09-10 20:32:42,861001000767554,32.1,2,10.00060095,-69.2153375
2015-09-10 20:30:05,861001000767885,27.9,1,10.1371844167,-69.8455297833
2015-09-10 20:27:07,861001000767554,32.05,2,10.00060095,-69.2153375
2015-09-10 20:24:40,861001000767885,27.8,1,10.1371728167,-69.8455351333
2015-09-10 20:21:55,861001000767554,31.95,2,10.00060095,-69.2153375
2015-09-10 20:19:16,861001000767885,27.8,1,10.1371566167,-69.8455422167
2015-09-10 20:16:26,861001000767554,31.95,2,10.00060095,-69.2153375
2015-09-10 20:13:51,861001000767885,27.8,1,10.1447324,-69.8626826
2015-09-10 20:08:24,861001000767885,27.8,1,10.1567498167,-69.9293090833
2015-09-10 20:05:32,861001000767554,32,2,10.00060095,-69.2153375
2015-09-10 20:00:07,861001000767554,32,2,10.00060095,-69.2153375
2015-09-10 19:54:40,861001000767554,31.9,2,10.00060095,-69.2153375
2015-09-10 19:49:12,861001000767554,31.8,2,10.00060095,-69.2153375
2015-09-10 19:43:45,861001000767554,31.85,2,10.00060095,-69.2153375
2015-09-10 19:38:20,861001000767554,31.8,2,10.00060095,-69.2153375
2015-09-10 19:33:08,861001000767554,31.95,2,10.00060095,-69.2153375
2015-09-10 19:27:32,861001000767554,32.1,2,10.00060095,-69.2153375
2015-09-10 19:22:07,861001000767554,32.1,2,10.00060095,-69.2153375
2015-09-10 19:16:41,861001000767554,32.1,2,10.00060095,-69.2153375
2015-09-10 19:11:21,861001000767554,32.05,2,10.00060095,-69.2153375
2015-09-10 19:05:53,861001000767554,32.05,2,10.00060095,-69.2153375
2015-09-10 19:00:38,861001000767554,32,2,10.00060095,-69.2153375
2015-09-10 18:55:10,861001000767554,32.05,2,10.00060095,-69.2153375
2015-09-10 18:49:43,861001000767554,31.95,2,10.00060095,-69.2153375
2015-09-10 18:44:13,861001000767554,31.9,2,10.00060095,-69.2153375
2015-09-10 18:38:48,861001000767554,31.95,2,10.00060095,-69.2153375
2015-09-10 18:33:20,861001000767554,32,2,10.00060095,-69.2153375
2015-09-10 18:27:52,861001000767554,32.05,2,10.00060095,-69.2153375
2015-09-10 18:22:41,861001000767554,32.1,2,10.00060095,-69.2153375
2015-09-10 18:17:14,861001000767554,32.1,2,10.00060095,-69.2153375
2015-09-10 18:11:49,861001000767554,32.1,2,10.00060095,-69.2153375
2015-09-10 18:06:12,861001000767554,32,2,10.00060095,-69.2153375
2015-09-10 18:00:53,861001000767554,31.9,2,10.00060095,-69.2153375
2015-09-10 17:55:24,861001000767554,31.8,2,10.00060095,-69.2153375
2015-09-10 17:49:57,861001000767554,31.75,2,10.00060095,-69.2153375
2015-09-10 17:44:30,861001000767554,31.8,2,10.00060095,-69.2153375
2015-09-10 17:39:20,861001000767554,31.75,2,10.00060095,-69.2153375
2015-09-10 17:33:56,861001000767554,31.7,2,10.00060095,-69.2153375
2015-09-10 17:28:28,861001000767554,31.65,2,10.00060095,-69.2153375
2015-09-10 17:22:54,861001000767554,31.6,2,10.00060095,-69.2153375
2015-09-10 17:17:25,861001000767554,31.6,2,10.00060095,-69.2153375
2015-09-10 17:12:14,861001000767554,31.7,2,10.00060095,-69.2153375
2015-09-10 17:06:47,861001000767554,31.8,2,10.00060095,-69.2153375
2015-09-10 17:01:19,861001000767554,31.75,2,10.00060095,-69.2153375
2015-09-10 16:55:53,861001000767554,31.85,2,10.00060095,-69.2153375
2015-09-10 16:50:30,861001000767554,31.75,2,10.00060095,-69.2153375
2015-09-10 16:44:59,861001000767554,31.7,2,10.00060095,-69.2153375
2015-09-10 16:39:31,861001000767554,31.55,2,10.00060095,-69.2153375
2015-09-10 16:34:18,861001000767554,31.45,2,10.00060095,-69.2153375
2015-09-10 16:28:40,861001000767554,31.35,2,10.00060095,-69.2153375
2015-09-10 16:23:27,861001000767554,31.3,2,10.00060095,-69.2153375
2015-09-10 16:18:02,861001000767554,31.2,2,10.00060095,-69.2153375
2015-09-10 16:12:38,861001000767554,31.3,2,10.00060095,-69.2153375
2015-09-10 16:07:11,861001000767554,31.3,2,10.00060095,-69.2153375
2015-09-10 16:01:47,861001000767554,31.25,2,10.00060095,-69.2153375
2015-09-10 15:56:21,861001000767554,31.4,2,10.00060095,-69.2153375
2015-09-10 15:50:41,861001000767554,31.35,2,10.00060095,-69.2153375
2015-09-10 15:45:16,861001000767554,31.2,2,10.00060095,-69.2153375
2015-09-10 15:39:58,861001000767554,31.1,2,10.00060095,-69.2153375
2015-09-10 15:34:29,861001000767554,30.8,2,10.00060095,-69.2153375
2015-09-10 15:29:04,861001000767554,30.6,2,10.00060095,-69.2153375
2015-09-10 15:23:37,861001000767554,30.45,2,10.00060095,-69.2153375
2015-09-10 15:18:09,861001000767554,30.45,2,10.00060095,-69.2153375
2015-09-10 15:12:43,861001000767554,30.45,2,10.00060095,-69.2153375
2015-09-10 15:07:31,861001000767554,30.4,2,10.00060095,-69.2153375
2015-09-10 15:02:00,861001000767554,30.1,2,10.00060095,-69.2153375
2015-09-10 14:56:35,861001000767554,30.1,2,10.00060095,-69.2153375
2015-09-10 14:51:10,861001000767554,29.95,2,10.00060095,-69.2153375
2015-09-10 14:45:41,861001000767554,29.8,2,10.00060095,-69.2153375
2015-09-10 14:40:11,861001000767554,29.65,2,10.00060095,-69.2153375
2015-09-10 14:34:51,861001000767554,29.4,2,10.00060095,-69.2153375
2015-09-10 14:29:26,861001000767554,29.3,2,10.00060095,-69.2153375
2015-09-10 14:24:00,861001000767554,29.15,2,10.00060095,-69.2153375
2015-09-10 14:18:34,861001000767554,28.9,2,10.00060095,-69.2153375
2015-09-10 14:13:06,861001000767554,28.8,2,10.00060095,-69.2153375
2015-09-10 14:07:54,861001000767554,28.65,2,10.00060095,-69.2153375
2015-09-10 14:02:29,861001000767554,28.5,2,10.00060095,-69.2153375
2015-09-10 13:57:03,861001000767554,28.15,2,10.00060095,-69.2153375
2015-09-10 13:51:39,861001000767554,28.05,2,10.00060095,-69.2153375
2015-09-10 13:46:15,861001000767554,27.75,2,10.00060095,-69.2153375
2015-09-10 13:40:49,861001000767554,27.55,2,10.00060095,-69.2153375
2015-09-10 13:35:19,861001000767554,27.4,2,10.00060095,-69.2153375
2015-09-10 13:29:54,861001000767554,27.1,2,10.00060095,-69.2153375
2015-09-10 13:24:31,861001000767554,27,2,10.00060095,-69.2153375
2015-09-10 13:19:06,861001000767554,26.6,2,10.00060095,-69.2153375
2015-09-10 13:13:42,861001000767554,26.35,2,10.00060095,-69.2153375
2015-09-10 13:08:10,861001000767554,26.2,2,10.00060095,-69.2153375
2015-09-10 13:02:45,861001000767554,25.9,2,10.00060095,-69.2153375
2015-09-10 12:57:19,861001000767554,25.65,2,10.00060095,-69.2153375
2015-09-10 12:51:54,861001000767554,25.35,2,10.00060095,-69.2153375
2015-09-10 12:46:28,861001000767554,25.15,2,10.00060095,-69.2153375
2015-09-10 12:41:03,861001000767554,24.85,2,10.00060095,-69.2153375
2015-09-10 12:35:39,861001000767554,24.65,2,10.00060095,-69.2153375
2015-09-10 12:30:14,861001000767554,24.5,2,10.00060095,-69.2153375
2015-09-10 12:24:50,861001000767554,24.1,2,10.00060095,-69.2153375
2015-09-10 12:19:25,861001000767554,24,2,10.00060095,-69.2153375
2015-09-10 12:14:02,861001000767554,23.75,2,10.00060095,-69.2153375
2015-09-10 12:08:37,861001000767554,23.5,2,10.00060095,-69.2153375
2015-09-10 12:03:11,861001000767554,23.3,2,10.00060095,-69.2153375
2015-09-10 11:57:47,861001000767554,23.1,2,10.00060095,-69.2153375
2015-09-10 11:52:06,861001000767554,22.85,2,10.00060095,-69.2153375
2015-09-10 11:46:41,861001000767554,22.7,2,10.00060095,-69.2153375
2015-09-10 11:41:31,861001000767554,22.5,2,10.00060095,-69.2153375
2015-09-10 11:35:51,861001000767554,22.35,2,10.00060095,-69.2153375
2015-09-10 11:30:25,861001000767554,22.25,2,10.00060095,-69.2153375
2015-09-10 11:25:18,861001000767885,16.2,1,84.0234699833,-71.5803322667
2015-09-10 11:25:14,861001000767554,22.15,2,10.00060095,-69.2153375
2015-09-10 11:19:50,861001000767554,22.15,2,10.00060095,-69.2153375
2015-09-10 11:14:09,861001000767554,22.1,2,10.00060095,-69.2153375
2015-09-10 11:09:02,861001000767885,16,1,83.1073137333,-71.6337606333
2015-09-10 11:08:45,861001000767554,22.05,2,10.00060095,-69.2153375
2015-09-10 11:03:41,861001000767885,16,1,83.0812182667,-71.6049287333
2015-09-10 11:03:18,861001000767554,22.1,2,10.00060095,-69.2153375
2015-09-10 10:57:54,861001000767554,22.05,2,10.00060095,-69.2153375
2015-09-10 10:52:28,861001000767554,22.05,2,10.00060095,-69.2153375
2015-09-10 10:47:29,861001000767885,15.4,1,82.13037325,-71.5155649333
2015-09-10 10:47:05,861001000767554,22.05,2,10.00060095,-69.2153375
2015-09-10 10:41:39,861001000767554,22.1,2,10.00060095,-69.2153375
2015-09-10 10:36:15,861001000767554,22.15,2,10.00060095,-69.2153375
2015-09-10 10:31:19,861001000767885,15.1,1,82.14200525,-71.4068602833
2015-09-10 10:30:51,861001000767554,22.15,2,10.00060095,-69.2153375
2015-09-10 10:25:52,861001000767885,15,1,82.1541761167,-71.36628225
2015-09-10 10:25:27,861001000767554,22.2,2,10.00060095,-69.2153375
2015-09-10 10:20:01,861001000767554,22.2,2,10.00060095,-69.2153375
2015-09-10 10:15:13,861001000767885,15.1,1,83.02305395,-71.2753997667
2015-09-10 10:14:37,861001000767554,22.2,2,10.00060095,-69.2153375
2015-09-10 10:09:48,861001000767885,14.8,1,83.0452039667,-71.2364634833
2015-09-10 10:09:11,861001000767554,22.2,2,10.00060095,-69.2153375
2015-09-10 10:03:47,861001000767554,22.15,2,10.00060095,-69.2153375
2015-09-10 10:03:42,861001000767885,14.9,1,83.0462995667,-71.2373232333
2015-09-10 09:58:23,861001000767554,22.25,2,10.00060095,-69.2153375
2015-09-10 09:58:18,861001000767885,14.9,1,83.0463061,-71.2373221333
2015-09-10 09:52:59,861001000767554,22.3,2,10.00060095,-69.2153375
2015-09-10 09:52:54,861001000767885,14.9,1,83.0463061,-71.2373221333
2015-09-10 09:47:36,861001000767554,22.3,2,10.00060095,-69.2153375
2015-09-10 09:47:27,861001000767885,14.9,1,83.0463061,-71.2373221333
2015-09-10 09:42:02,861001000767885,14.9,1,83.0463061,-71.2373221333
2015-09-10 09:41:56,861001000767554,22.3,2,10.00060095,-69.2153375
2015-09-10 09:36:36,861001000767885,14.8,1,83.0463061,-71.2373221333
2015-09-10 09:36:32,861001000767554,22.3,2,10.00060095,-69.2153375
2015-09-10 09:31:21,861001000767554,22.3,2,10.00060095,-69.2153375
2015-09-10 09:31:10,861001000767885,14.8,1,83.0463069333,-71.2373700667
2015-09-10 09:25:45,861001000767885,14.9,1,83.0463069333,-71.2373700667
2015-09-10 09:25:41,861001000767554,22.35,2,10.00060095,-69.2153375
2015-09-10 09:20:21,861001000767885,14.8,1,83.04635125,-71.2372108
2015-09-10 09:20:17,861001000767554,22.4,2,10.00060095,-69.2153375
2015-09-10 09:14:56,861001000767885,14.8,1,83.04635125,-71.2372108
2015-09-10 09:14:53,861001000767554,22.45,2,10.00060095,-69.2153375
2015-09-10 09:09:32,861001000767885,14.9,1,83.04635125,-71.2372108
2015-09-10 09:09:27,861001000767554,22.45,2,10.00060095,-69.2153375
2015-09-10 09:04:07,861001000767885,14.8,1,83.04635125,-71.2372108
2015-09-10 09:04:04,861001000767554,22.5,2,10.00060095,-69.2153375
2015-09-10 08:58:43,861001000767885,14.9,1,83.04635125,-71.2372108
2015-09-10 08:58:40,861001000767554,22.55,2,10.00060095,-69.2153375
2015-09-10 08:53:16,861001000767885,14.9,1,83.04635125,-71.2372108
2015-09-10 08:53:14,861001000767554,22.6,2,10.00060095,-69.2153375
2015-09-10 08:47:51,861001000767885,14.8,1,83.04635125,-71.2372108
2015-09-10 08:47:50,861001000767554,22.65,2,10.00060095,-69.2153375
2015-09-10 08:42:27,861001000767885,14.9,1,83.04635125,-71.2372108
2015-09-10 08:42:26,861001000767554,22.65,2,10.00060095,-69.2153375
2015-09-10 08:37:03,861001000767554,22.7,2,10.00060095,-69.2153375
2015-09-10 08:37:02,861001000767885,14.9,1,83.04635125,-71.2372108
2015-09-10 08:31:38,861001000767554,22.65,2,10.00060095,-69.2153375
2015-09-10 08:31:37,861001000767885,14.9,1,83.04635125,-71.2372108
2015-09-10 08:26:16,861001000767885,14.9,1,83.04635125,-71.2372108
2015-09-10 08:25:58,861001000767554,22.7,2,10.00060095,-69.2153375
2015-09-10 08:20:51,861001000767885,14.9,1,83.04635125,-71.2372108
2015-09-10 08:20:34,861001000767554,22.75,2,10.00060095,-69.2153375
2015-09-10 08:15:26,861001000767885,14.8,1,83.04635125,-71.2372108
2015-09-10 08:15:10,861001000767554,22.75,2,10.00060095,-69.2153375
2015-09-10 08:10:02,861001000767885,14.9,1,83.04635125,-71.2372108
2015-09-10 08:09:46,861001000767554,22.75,2,10.00060095,-69.2153375
2015-09-10 08:04:38,861001000767885,14.9,1,83.04635125,-71.2372108
2015-09-10 08:04:21,861001000767554,22.75,2,10.00060095,-69.2153375
2015-09-10 07:59:13,861001000767885,14.9,1,83.04635125,-71.2372108
2015-09-10 07:58:54,861001000767554,22.9,2,10.00060095,-69.2153375
2015-09-10 07:53:46,861001000767885,15,1,83.0464599667,-71.2373358667
2015-09-10 07:53:29,861001000767554,22.95,2,10.00060095,-69.2153375
2015-09-10 07:48:21,861001000767885,14.9,1,83.0464764,-71.2373347833
2015-09-10 07:48:05,861001000767554,22.95,2,10.00060095,-69.2153375
2015-09-10 07:42:57,861001000767885,15,1,83.0464764,-71.2373347833
2015-09-10 07:42:38,861001000767554,22.95,2,10.00060095,-69.2153375
2015-09-10 07:37:32,861001000767885,15,1,83.0465048167,-71.237345
2015-09-10 07:37:14,861001000767554,23,2,10.00060095,-69.2153375
2015-09-10 07:32:08,861001000767885,15,1,83.0465048167,-71.237345
2015-09-10 07:31:50,861001000767554,23.05,2,10.00060095,-69.2153375
2015-09-10 07:26:43,861001000767885,15,1,83.0465048167,-71.237345
2015-09-10 07:26:25,861001000767554,23.1,2,10.00060095,-69.2153375
2015-09-10 07:21:18,861001000767885,15,1,83.0465048167,-71.237345
2015-09-10 07:20:59,861001000767554,23.1,2,10.00060095,-69.2153375
2015-09-10 07:15:54,861001000767885,15,1,83.04639045,-71.23734
2015-09-10 07:15:35,861001000767554,23.15,2,10.00060095,-69.2153375
2015-09-10 07:10:26,861001000767885,15,1,83.04639045,-71.23734
2015-09-10 07:10:10,861001000767554,23.2,2,10.00060095,-69.2153375
2015-09-10 07:05:01,861001000767885,15,1,83.04639045,-71.23734
2015-09-10 07:04:46,861001000767554,23.25,2,10.00060095,-69.2153375
2015-09-10 06:59:37,861001000767885,15,1,83.04639045,-71.23734
2015-09-10 06:59:22,861001000767554,23.25,2,10.00060095,-69.2153375
2015-09-10 06:54:12,861001000767885,15.1,1,83.04639045,-71.23734
2015-09-10 06:53:58,861001000767554,23.3,2,10.00060095,-69.2153375
2015-09-10 06:48:47,861001000767885,15,1,83.04639045,-71.23734
2015-09-10 06:48:33,861001000767554,23.35,2,10.00060095,-69.2153375
2015-09-10 06:43:22,861001000767885,15.1,1,83.04639045,-71.23734
2015-09-10 06:42:54,861001000767554,23.4,2,10.00060095,-69.2153375
2015-09-10 06:37:56,861001000767885,15.1,1,83.04639045,-71.23734
2015-09-10 06:37:29,861001000767554,23.4,2,10.00060095,-69.2153375
2015-09-10 06:32:32,861001000767885,15.1,1,83.04639045,-71.23734
2015-09-10 06:32:16,861001000767554,23.45,2,10.00060095,-69.2153375
2015-09-10 06:27:05,861001000767885,15.1,1,83.04639045,-71.23734
2015-09-10 06:26:52,861001000767554,23.5,2,10.00060095,-69.2153375
2015-09-10 06:21:41,861001000767885,15.1,1,83.04639045,-71.23734
2015-09-10 06:21:21,861001000767554,23.6,2,10.00060095,-69.2153375
2015-09-10 06:16:15,861001000767885,15.1,1,83.04639045,-71.23734
2015-09-10 06:15:56,861001000767554,23.65,2,10.00060095,-69.2153375
2015-09-10 06:10:50,861001000767885,15.2,1,83.04639045,-71.23734
2015-09-10 06:10:30,861001000767554,23.6,2,10.00060095,-69.2153375
2015-09-10 06:05:25,861001000767885,15.1,1,83.04639045,-71.23734
2015-09-10 06:05:07,861001000767554,23.7,2,10.00060095,-69.2153375
2015-09-10 06:00:00,861001000767885,15.2,1,83.04639045,-71.23734
2015-09-10 05:59:41,861001000767554,23.7,2,10.00060095,-69.2153375
2015-09-10 05:54:33,861001000767885,15.2,1,83.0463842167,-71.23734125
2015-09-10 05:54:16,861001000767554,23.75,2,10.00060095,-69.2153375
2015-09-10 05:49:08,861001000767885,15.3,1,83.0463842167,-71.23734125
2015-09-10 05:48:52,861001000767554,23.85,2,10.00060095,-69.2153375
2015-09-10 05:43:43,861001000767885,15.3,1,83.0463915,-71.2373341667
2015-09-10 05:43:27,861001000767554,23.9,2,10.00060095,-69.2153375
2015-09-10 05:38:17,861001000767885,15.3,1,83.0463915,-71.2373341667
2015-09-10 05:38:03,861001000767554,23.95,2,10.00060095,-69.2153375
2015-09-10 05:32:53,861001000767885,15.3,1,83.0463915,-71.2373341667
2015-09-10 05:32:23,861001000767554,23.95,2,10.00060095,-69.2153375
2015-09-10 05:27:24,861001000767885,15.3,1,83.0463915,-71.2373341667
2015-09-10 05:26:58,861001000767554,24,2,10.00060095,-69.2153375
2015-09-10 05:21:59,861001000767885,15.4,1,83.0463915,-71.2373341667
2015-09-10 05:21:34,861001000767554,24,2,10.00060095,-69.2153375
2015-09-10 05:16:33,861001000767885,15.4,1,83.0463915,-71.2373341667
2015-09-10 05:16:09,861001000767554,24.05,2,10.00060095,-69.2153375
2015-09-10 05:11:23,861001000767885,15.4,1,83.0463915,-71.2373341667
2015-09-10 05:10:46,861001000767554,24.15,2,10.00060095,-69.2153375
2015-09-10 05:05:58,861001000767885,15.5,1,83.0463915,-71.2373341667
2015-09-10 05:05:21,861001000767554,24.15,2,10.00060095,-69.2153375
2015-09-10 05:00:32,861001000767885,15.5,1,83.0463915,-71.2373341667
2015-09-10 04:59:56,861001000767554,24.15,2,10.00060095,-69.2153375
2015-09-10 04:55:07,861001000767885,15.5,1,83.0463915,-71.2373341667
2015-09-10 04:54:33,861001000767554,24.2,2,10.00060095,-69.2153375
2015-09-10 04:49:42,861001000767885,15.5,1,83.0463791167,-71.237336
2015-09-10 04:49:08,861001000767554,24.2,2,10.00060095,-69.2153375
2015-09-10 04:44:16,861001000767885,15.6,1,83.0463791167,-71.237336
2015-09-10 04:43:44,861001000767554,24.25,2,10.00060095,-69.2153375
2015-09-10 04:38:51,861001000767885,15.6,1,83.0464399833,-71.2373334167
2015-09-10 04:38:18,861001000767554,24.25,2,10.00060095,-69.2153375
2015-09-10 04:33:26,861001000767885,15.6,1,83.0464399833,-71.2373334167
2015-09-10 04:32:54,861001000767554,24.35,2,10.00060095,-69.2153375
2015-09-10 04:27:59,861001000767885,15.6,1,83.0464399833,-71.2373334167
2015-09-10 04:27:29,861001000767554,24.35,2,10.00060095,-69.2153375
2015-09-10 04:22:34,861001000767885,15.7,1,83.0464106167,-71.237333
2015-09-10 04:22:03,861001000767554,24.4,2,10.00060095,-69.2153375
2015-09-10 04:17:09,861001000767885,15.8,1,83.0464106167,-71.237333
2015-09-10 04:16:39,861001000767554,24.4,2,10.00060095,-69.2153375
2015-09-10 04:11:43,861001000767885,15.8,1,83.0464257167,-71.2373427
2015-09-10 04:11:15,861001000767554,24.4,2,10.00060095,-69.2153375
2015-09-10 04:06:17,861001000767885,15.8,1,83.0464257167,-71.2373427
2015-09-10 04:05:50,861001000767554,24.5,2,10.00060095,-69.2153375
2015-09-10 04:00:50,861001000767885,15.8,1,83.0464257167,-71.2373427
2015-09-10 04:00:24,861001000767554,24.5,2,10.00060095,-69.2153375
2015-09-10 03:55:23,861001000767885,15.9,1,83.0464257167,-71.2373427
2015-09-10 03:54:57,861001000767554,24.6,2,10.00060095,-69.2153375
2015-09-10 03:50:09,861001000767885,16,1,83.0464257167,-71.2373427
2015-09-10 03:49:32,861001000767554,24.55,2,10.00060095,-69.2153375
2015-09-10 03:44:42,861001000767885,16,1,83.0464257167,-71.2373427
2015-09-10 03:44:09,861001000767554,24.6,2,10.00060095,-69.2153375
2015-09-10 03:39:15,861001000767885,16,1,83.0464363333,-71.2373391833
2015-09-10 03:38:28,861001000767554,24.7,2,10.00060095,-69.2153375
2015-09-10 03:33:48,861001000767885,16.1,1,83.0464394333,-71.2373410167
2015-09-10 03:33:18,861001000767554,24.7,2,10.00060095,-69.2153375
2015-09-10 03:28:21,861001000767885,16.1,1,83.0464372167,-71.2373519
2015-09-10 03:27:38,861001000767554,24.75,2,10.00060095,-69.2153375
2015-09-10 03:23:10,861001000767885,16.2,1,83.0464372167,-71.2373519
2015-09-10 03:22:14,861001000767554,24.8,2,10.00060095,-69.2153375
2015-09-10 03:17:41,861001000767885,16.2,1,83.0464455167,-71.23735695
2015-09-10 03:16:50,861001000767554,24.85,2,10.00060095,-69.2153375
2015-09-10 03:12:15,861001000767885,16.3,1,83.0463477333,-71.2373624167
2015-09-10 03:11:37,861001000767554,24.85,2,10.00060095,-69.2153375
2015-09-10 03:06:48,861001000767885,16.3,1,83.0463477333,-71.2373624167
2015-09-10 03:06:07,861001000767554,24.9,2,10.00060095,-69.2153375
2015-09-10 03:01:22,861001000767885,16.2,1,83.0461131167,-71.23732125
2015-09-10 03:00:42,861001000767554,24.95,2,10.00060095,-69.2153375
2015-09-10 02:55:57,861001000767885,16.4,1,83.0526530667,-71.2275985333
2015-09-10 02:55:16,861001000767554,25.05,2,10.00060095,-69.2153375
2015-09-10 02:50:42,861001000767885,16.4,1,83.0558817333,-71.20057945
2015-09-10 02:49:49,861001000767554,25.05,2,10.00060095,-69.2153375
2015-09-10 02:45:17,861001000767885,16.4,1,83.0735782667,-71.1777710833
2015-09-10 02:44:22,861001000767554,25.05,2,10.00060095,-69.2153375
2015-09-10 02:38:57,861001000767554,25.15,2,10.00060095,-69.2153375
2015-09-10 02:34:23,861001000767885,16.6,1,83.1022609167,-71.1461165167
2015-09-10 02:33:32,861001000767554,25.2,2,10.00060095,-69.2153375
2015-09-10 02:28:58,861001000767885,16.7,1,83.0993748333,-71.14899515
2015-09-10 02:28:07,861001000767554,25.25,2,10.00060095,-69.2153375
2015-09-10 02:23:34,861001000767885,16.8,1,83.0993748333,-71.14899515
2015-09-10 02:22:42,861001000767554,25.3,2,10.00060095,-69.2153375
2015-09-10 02:18:09,861001000767885,16.9,1,83.0993748333,-71.14899515
2015-09-10 02:17:15,861001000767554,25.35,2,10.00060095,-69.2153375
2015-09-10 02:12:44,861001000767885,17,1,83.0993748333,-71.14899515
2015-09-10 02:11:56,861001000767554,25.45,2,10.00060095,-69.2153375
2015-09-10 02:07:20,861001000767885,17.1,1,83.0993748333,-71.14899515
2015-09-10 02:06:29,861001000767554,25.5,2,10.00060095,-69.2153375
2015-09-10 02:01:55,861001000767885,17.2,1,83.0993881,-71.1489901
2015-09-10 02:01:01,861001000767554,25.5,2,10.00060095,-69.2153375
2015-09-10 01:56:31,861001000767885,17.3,1,83.0993881,-71.1489901
2015-09-10 01:55:34,861001000767554,25.55,2,10.00060095,-69.2153375
2015-09-10 01:51:06,861001000767885,17.5,1,83.0993915167,-71.1489953333
2015-09-10 01:50:12,861001000767554,25.6,2,10.00060095,-69.2153375
2015-09-10 01:45:42,861001000767885,17.6,1,83.0994231667,-71.1489806
2015-09-10 01:44:43,861001000767554,25.6,2,10.00060095,-69.2153375
2015-09-10 01:40:17,861001000767885,17.8,1,83.0994231667,-71.1489806
2015-09-10 01:39:17,861001000767554,25.7,2,10.00060095,-69.2153375
2015-09-10 01:34:51,861001000767885,18,1,83.0994231667,-71.1489806
2015-09-10 01:33:50,861001000767554,25.8,2,10.00060095,-69.2153375
2015-09-10 01:29:27,861001000767885,18.3,1,83.0994231667,-71.1489806
2015-09-10 01:28:22,861001000767554,25.8,2,10.00060095,-69.2153375
2015-09-10 01:24:02,861001000767885,18.6,1,83.0994957667,-71.1489204
2015-09-10 01:23:03,861001000767554,25.8,2,10.00060095,-69.2153375
2015-09-10 01:18:38,861001000767885,18.9,1,83.0994973,-71.1489190833
2015-09-10 01:17:32,861001000767554,25.85,2,10.00060095,-69.2153375
2015-09-10 01:13:13,861001000767885,19,1,83.09944365,-71.1489791833
2015-09-10 01:12:18,861001000767554,26,2,10.00060095,-69.2153375
2015-09-10 01:07:48,861001000767885,18.8,1,83.09944365,-71.1489791833
2015-09-10 01:06:53,861001000767554,26.05,2,10.00060095,-69.2153375
2015-09-10 01:02:23,861001000767885,18.8,1,83.09944365,-71.1489791833
2015-09-10 01:01:25,861001000767554,26.1,2,10.00060095,-69.2153375
2015-09-10 00:56:58,861001000767885,18.2,1,83.0994451,-71.1489738
2015-09-10 00:55:55,861001000767554,26.15,2,10.00060095,-69.2153375
2015-09-10 00:51:34,861001000767885,17.8,1,83.0994482,-71.1489688333
2015-09-10 00:50:30,861001000767554,26.25,2,10.00060095,-69.2153375
2015-09-10 00:46:09,861001000767885,17.8,1,83.0994813167,-71.1489190833
2015-09-10 00:45:04,861001000767554,26.3,2,10.00060095,-69.2153375
2015-09-10 00:40:44,861001000767885,17.8,1,83.0994813167,-71.1489190833
2015-09-10 00:39:39,861001000767554,26.35,2,10.00060095,-69.2153375
2015-09-10 00:35:20,861001000767885,17.6,1,83.0994813167,-71.1489190833
2015-09-10 00:34:14,861001000767554,26.4,2,10.00060095,-69.2153375
2015-09-10 00:29:55,861001000767885,17.5,1,83.0994813167,-71.1489190833
2015-09-10 00:28:49,861001000767554,26.45,2,10.00060095,-69.2153375
2015-09-10 00:24:30,861001000767885,17,1,83.09948495,-71.1489084167
2015-09-10 00:23:23,861001000767554,26.45,2,10.00060095,-69.2153375
2015-09-10 00:19:06,861001000767885,16.1,1,83.09948495,-71.1489084167
2015-09-10 00:17:55,861001000767554,26.45,2,10.00060095,-69.2153375
2015-09-10 00:13:41,861001000767885,13.5,1,83.0995423,-71.1489253167
2015-09-10 00:12:29,861001000767554,26.55,2,10.00060095,-69.2153375
2015-09-10 00:08:16,861001000767885,4,1,83.0995423,-71.1489253167
2015-09-10 00:07:03,861001000767554,26.5,2,10.00060095,-69.2153375
2015-09-10 00:02:51,861001000767885,3,1,83.0995423,-71.1489253167
2015-09-10 00:01:52,861001000767554,26.7,2,10.00060095,-69.2153375
2015-09-09 23:57:26,861001000767885,6.7,1,83.0995168,-71.1489488167
2015-09-09 23:56:26,861001000767554,26.75,2,10.00060095,-69.2153375
2015-09-09 23:52:02,861001000767885,3.6,1,83.0994533,-71.1490340833
2015-09-09 23:50:59,861001000767554,26.85,2,10.00060095,-69.2153375
2015-09-09 23:46:37,861001000767885,7.1,1,83.0884853167,-71.16366405
2015-09-09 23:45:34,861001000767554,26.9,2,10.00060095,-69.2153375
2015-09-09 23:41:10,861001000767885,4.9,1,83.07517885,-71.1740331
2015-09-09 23:40:06,861001000767554,26.95,2,10.00060095,-69.2153375
2015-09-09 23:35:46,861001000767885,3.5,1,83.0564621333,-71.1981538667
2015-09-09 23:34:42,861001000767554,27,2,10.00060095,-69.2153375
2015-09-09 23:29:21,861001000767554,27.05,2,10.00060095,-69.2153375
2015-09-09 23:25:10,861001000767885,3,1,83.0303399333,-71.2546706833
2015-09-09 23:23:54,861001000767554,27.1,2,10.00060095,-69.2153375
2015-09-09 23:18:36,861001000767554,27.15,2,10.00060095,-69.2153375
2015-09-09 23:13:08,861001000767554,27.1,2,10.00060095,-69.2153375
2015-09-09 23:07:42,861001000767554,27.15,2,10.00060095,-69.2153375
2015-09-09 23:02:14,861001000767554,27.3,2,10.00060095,-69.2153375
2015-09-09 22:58:11,861001000767885,9.1,1,82.1457324833,-71.3967282167
2015-09-09 22:56:47,861001000767554,27.3,2,10.00060095,-69.2153375
2015-09-09 22:51:20,861001000767554,27.2,2,10.00060095,-69.2153375
2015-09-09 22:45:55,861001000767554,27.25,2,10.00060095,-69.2153375
2015-09-09 22:40:42,861001000767554,27.3,2,10.00060095,-69.2153375
2015-09-09 22:35:15,861001000767554,27.35,2,10.00060095,-69.2153375
2015-09-09 22:29:46,861001000767554,27.45,2,10.00060095,-69.2153375
2015-09-09 22:24:20,861001000767554,27.6,2,10.00060095,-69.2153375
2015-09-09 22:18:55,861001000767554,27.65,2,10.00060095,-69.2153375
2015-09-09 22:13:29,861001000767554,27.75,2,10.00060095,-69.2153375
2015-09-09 22:08:15,861001000767554,27.8,2,10.00060095,-69.2153375
2015-09-09 22:04:26,861001000767885,5.4,1,83.1101977833,-71.6470122333
2015-09-09 22:02:50,861001000767554,27.8,2,10.00060095,-69.2153375
2015-09-09 21:57:23,861001000767554,27.9,2,10.00060095,-69.2153375
2015-09-09 21:52:00,861001000767554,27.85,2,10.00060095,-69.2153375
2015-09-09 21:48:22,861001000767885,14.8,1,83.1076788667,-71.67405175
2015-09-09 21:46:29,861001000767554,27.9,2,10.00060095,-69.2153375
2015-09-09 21:40:59,861001000767554,27.95,2,10.00060095,-69.2153375
2015-09-09 21:35:44,861001000767554,28.05,2,10.00060095,-69.2153375
2015-09-09 21:30:22,861001000767554,28.1,2,10.0006496667,-69.2152320167
2015-09-09 21:25:02,861001000767554,28.1,2,10.00060095,-69.2153375
2015-09-09 21:19:32,861001000767554,28.2,2,10.00060095,-69.2153375
2015-09-09 21:14:05,861001000767554,28.2,2,10.00060095,-69.2153375
2015-09-09 21:08:40,861001000767554,28.3,2,10.00060095,-69.2153375
2015-09-09 21:03:13,861001000767554,28.25,2,10.00060095,-69.2153375
2015-09-09 20:57:51,861001000767554,28.25,2,10.00060095,-69.2153375
2015-09-09 20:52:23,861001000767554,28.25,2,10.00060095,-69.2153375
2015-09-09 20:46:57,861001000767554,28.4,2,10.00060095,-69.2153375
2015-09-09 20:41:30,861001000767554,28.45,2,10.00060095,-69.2153375
2015-09-09 20:36:17,861001000767554,28.45,2,10.00060095,-69.2153375
2015-09-09 20:30:47,861001000767554,28.3,2,10.00060095,-69.2153375
2015-09-09 20:25:26,861001000767554,28.3,2,10.00060095,-69.2153375
2015-09-09 20:19:56,861001000767554,28.55,2,10.00060095,-69.2153375
2015-09-09 20:14:30,861001000767554,28.7,2,10.00060095,-69.2153375
2015-09-09 20:09:05,861001000767554,28.7,2,10.00060095,-69.2153375
2015-09-09 20:03:40,861001000767554,28.7,2,10.00060095,-69.2153375
2015-09-09 19:58:15,861001000767554,28.7,2,10.00060095,-69.2153375
2015-09-09 19:52:49,861001000767554,28.55,2,10.00060095,-69.2153375
2015-09-09 19:47:24,861001000767554,28.5,2,10.00060095,-69.2153375
2015-09-09 19:41:57,861001000767554,28.65,2,10.00060095,-69.2153375
2015-09-09 19:36:30,861001000767554,28.9,2,10.00060095,-69.2153375
2015-09-09 19:31:02,861001000767554,28.95,2,10.00060095,-69.2153375
2015-09-09 19:25:37,861001000767554,29.1,2,10.00060095,-69.2153375
2015-09-09 19:20:11,861001000767554,29.25,2,10.00060095,-69.2153375
2015-09-09 19:18:31,861001000767885,4.3,1,83.1075704333,-71.67408735
2015-09-09 19:14:45,861001000767554,29.25,2,10.00060095,-69.2153375
2015-09-09 19:09:32,861001000767554,29.1,2,10.00060095,-69.2153375
2015-09-09 19:03:59,861001000767554,28.95,2,10.00060095,-69.2153375
2015-09-09 18:58:31,861001000767554,28.9,2,10.00060095,-69.2153375
2015-09-09 18:53:19,861001000767554,28.8,2,10.00060095,-69.2153375
2015-09-09 18:47:46,861001000767554,29.1,2,10.00060095,-69.2153375
2015-09-09 18:46:21,861001000767885,1.1,1,83.1096498333,-71.6422134667
2015-09-09 18:42:26,861001000767554,29.55,2,10.00060095,-69.2153375
2015-09-09 18:36:58,861001000767554,29.95,2,10.00060095,-69.2153375
2015-09-09 18:35:36,861001000767885,5,1,83.1254236833,-71.6202259167
2015-09-09 18:31:31,861001000767554,30.15,2,10.00060095,-69.2153375
2015-09-09 18:26:05,861001000767554,30.4,2,10.00060095,-69.2153375
2015-09-09 18:20:37,861001000767554,30.55,2,10.00060095,-69.2153375
2015-09-09 18:15:09,861001000767554,30.7,2,10.00060095,-69.2153375
2015-09-09 18:09:44,861001000767554,30.9,2,10.00060095,-69.2153375
2015-09-09 18:04:20,861001000767554,31.05,2,10.00060095,-69.2153375
2015-09-09 17:58:55,861001000767554,31.05,2,10.00060095,-69.2153375
2015-09-09 17:53:29,861001000767554,30.85,2,10.00060095,-69.2153375
2015-09-09 17:48:03,861001000767554,30.85,2,10.00060095,-69.2153375
2015-09-09 17:42:37,861001000767554,30.8,2,10.00060095,-69.2153375
2015-09-09 17:37:11,861001000767554,30.8,2,10.00060095,-69.2153375
2015-09-09 17:31:59,861001000767554,30.8,2,10.00060095,-69.2153375
2015-09-09 17:26:32,861001000767554,30.7,2,10.00060095,-69.2153375
2015-09-09 17:20:57,861001000767554,30.65,2,10.00060095,-69.2153375
2015-09-09 17:15:31,861001000767554,30.65,2,10.00060095,-69.2153375
2015-09-09 17:10:20,861001000767554,30.75,2,10.00060095,-69.2153375
2015-09-09 17:04:53,861001000767554,30.55,2,10.00060095,-69.2153375
2015-09-09 16:59:27,861001000767554,30.35,2,10.00060095,-69.2153375
2015-09-09 16:53:57,861001000767554,30.4,2,10.00060095,-69.2153375
2015-09-09 16:48:29,861001000767554,30.4,2,10.00060095,-69.2153375
2015-09-09 16:43:00,861001000767554,30.35,2,10.00060095,-69.2153375
2015-09-09 16:37:47,861001000767554,30.4,2,10.00060095,-69.2153375
2015-09-09 16:32:21,861001000767554,30.25,2,10.00060095,-69.2153375
2015-09-09 16:26:51,861001000767554,30.25,2,10.00060095,-69.2153375
2015-09-09 16:21:22,861001000767554,30.15,2,10.00060095,-69.2153375
2015-09-09 16:15:56,861001000767554,30.05,2,10.00060095,-69.2153375
2015-09-09 16:10:27,861001000767554,29.9,2,10.00060095,-69.2153375
2015-09-09 16:05:17,861001000767554,29.7,2,10.00060095,-69.2153375
2015-09-09 15:59:48,861001000767554,29.65,2,10.00060095,-69.2153375
2015-09-09 15:54:23,861001000767554,29.55,2,10.00060095,-69.2153375
2015-09-09 15:49:00,861001000767554,29.4,2,10.00060095,-69.2153375
2015-09-09 15:43:35,861001000767554,29.05,2,10.00060095,-69.2153375
2015-09-09 15:38:09,861001000767554,29,2,10.00060095,-69.2153375
2015-09-09 15:32:45,861001000767554,28.8,2,10.00060095,-69.2153375
2015-09-09 15:27:11,861001000767554,28.65,2,10.00060095,-69.2153375
2015-09-09 15:21:45,861001000767554,28.5,2,10.00060095,-69.2153375
2015-09-09 15:16:29,861001000767554,28.4,2,10.00060095,-69.2153375
2015-09-09 15:11:03,861001000767554,28.2,2,10.00060095,-69.2153375
2015-09-09 15:05:39,861001000767554,28.05,2,10.00060095,-69.2153375
2015-09-09 15:00:08,861001000767554,27.8,2,10.00060095,-69.2153375
2015-09-09 14:54:42,861001000767554,27.6,2,10.00060095,-69.2153375
2015-09-09 14:49:17,861001000767554,27.45,2,10.00060095,-69.2153375
2015-09-09 14:43:51,861001000767554,27.4,2,10.00060095,-69.2153375
2015-09-09 14:38:25,861001000767554,27.35,2,10.00060095,-69.2153375
2015-09-09 14:33:01,861001000767554,27.05,2,10.00060095,-69.2153375
2015-09-09 14:27:29,861001000767554,26.95,2,10.00060095,-69.2153375
2015-09-09 14:22:06,861001000767554,26.8,2,10.00060095,-69.2153375
2015-09-09 14:16:39,861001000767554,26.55,2,10.00060095,-69.2153375
2015-09-09 14:11:29,861001000767554,26.55,2,10.00060095,-69.2153375
2015-09-09 14:05:48,861001000767554,26.3,2,10.00060095,-69.2153375
2015-09-09 14:00:30,861001000767554,26.25,2,10.00060095,-69.2153375
2015-09-09 13:55:03,861001000767554,26.05,2,10.00060095,-69.2153375
2015-09-09 13:49:46,861001000767554,25.85,2,10.00060095,-69.2153375
2015-09-09 13:44:20,861001000767554,25.7,2,10.00060095,-69.2153375
2015-09-09 13:39:02,861001000767554,25.65,2,10.00060095,-69.2153375
2015-09-09 13:33:35,861001000767554,25.5,2,10.00060095,-69.2153375
2015-09-09 13:28:07,861001000767554,25.45,2,10.00060095,-69.2153375
2015-09-09 13:22:42,861001000767554,25.35,2,10.00060095,-69.2153375
2015-09-09 13:17:17,861001000767554,25.2,2,10.00060095,-69.2153375
2015-09-09 13:11:48,861001000767554,24.95,2,10.00060095,-69.2153375
2015-09-09 13:06:16,861001000767554,24.75,2,10.00060095,-69.2153375
2015-09-09 13:01:00,861001000767554,24.7,2,10.00060095,-69.2153375
2015-09-09 12:55:34,861001000767554,24.55,2,10.00060095,-69.2153375
2015-09-09 12:50:09,861001000767554,24.45,2,10.00060095,-69.2153375
2015-09-09 12:44:40,861001000767554,24.45,2,10.00060095,-69.2153375
2015-09-09 12:39:16,861001000767554,24.45,2,10.00060095,-69.2153375
2015-09-09 12:33:51,861001000767554,24.45,2,10.00060095,-69.2153375
2015-09-09 12:29:14,861001000767885,7.3,1,10.0738337,-70.0395436167
2015-09-09 12:28:26,861001000767554,24.5,2,10.00060095,-69.2153375
2015-09-09 12:23:02,861001000767554,24.5,2,10.00060095,-69.2153375
2015-09-09 12:17:37,861001000767554,24.5,2,10.00060095,-69.2153375
2015-09-09 12:12:13,861001000767554,24.45,2,10.00060095,-69.2153375
2015-09-09 12:06:48,861001000767554,24.5,2,10.00060095,-69.2153375
2015-09-09 12:02:12,861001000767885,10.8,1,10.1547366,-69.9011039167
2015-09-09 12:01:22,861001000767554,24.5,2,10.00060095,-69.2153375
2015-09-09 11:56:48,861001000767885,2.5,1,10.1547192,-69.9009864333
2015-09-09 11:55:56,861001000767554,24.5,2,10.00060095,-69.2153375
2015-09-09 11:51:23,861001000767885,10.6,1,10.1547192,-69.9009864333
2015-09-09 11:50:31,861001000767554,24.5,2,10.00060095,-69.2153375
2015-09-09 11:45:59,861001000767885,3.5,1,10.1547192,-69.9009864333
2015-09-09 11:45:03,861001000767554,24.45,2,10.00060095,-69.2153375
2015-09-09 11:40:35,861001000767885,9,1,10.1547192,-69.9009864333
2015-09-09 11:39:39,861001000767554,24.4,2,10.00060095,-69.2153375
2015-09-09 11:34:54,861001000767885,4.5,1,10.1547192,-69.9009864333
2015-09-09 11:34:13,861001000767554,24.4,2,10.00060095,-69.2153375
2015-09-09 11:29:29,861001000767885,6.1,1,10.1545851333,-69.9010889
2015-09-09 11:28:48,861001000767554,24.4,2,10.00060095,-69.2153375
2015-09-09 11:24:06,861001000767885,8.3,1,10.1446427667,-69.8600502667
2015-09-09 11:23:20,861001000767554,24.4,2,10.00060095,-69.2153375
2015-09-09 11:18:42,861001000767885,4.9,1,10.1317026,-69.8223613
2015-09-09 11:17:52,861001000767554,24.35,2,10.00060095,-69.2153375
2015-09-09 11:13:17,861001000767885,9.1,1,10.1317026,-69.8223613
2015-09-09 11:12:27,861001000767554,24.35,2,10.00060095,-69.2153375
2015-09-09 11:07:53,861001000767885,4.7,1,10.1317026,-69.8223613
2015-09-09 11:07:01,861001000767554,24.4,2,10.00060095,-69.2153375
2015-09-09 11:02:30,861001000767885,9.2,1,10.1488494,-69.7731581
2015-09-09 11:01:37,861001000767554,24.4,2,10.00060095,-69.2153375
2015-09-09 10:56:14,861001000767554,24.4,2,10.00060095,-69.2153375
2015-09-09 10:51:38,861001000767885,6.5,1,10.0823866167,-69.69533915
2015-09-09 10:50:47,861001000767554,24.45,2,10.00060095,-69.2153375
2015-09-09 10:46:17,861001000767885,6.2,1,10.0424306333,-69.6557059
2015-09-09 10:45:22,861001000767554,24.45,2,10.00060095,-69.2153375
2015-09-09 10:39:58,861001000767554,24.45,2,10.00060095,-69.2153375
2015-09-09 10:34:33,861001000767554,24.45,2,10.00060095,-69.2153375
2015-09-09 10:30:10,861001000767885,6.5,1,10.0257476333,-69.4602497333
2015-09-09 10:29:08,861001000767554,24.45,2,10.00060095,-69.2153375
2015-09-09 10:24:46,861001000767885,3.3,1,10.0615445,-69.40342115
2015-09-09 10:23:43,861001000767554,24.45,2,10.00060095,-69.2153375
2015-09-09 10:18:19,861001000767554,24.45,2,10.00060095,-69.2153375
2015-09-09 10:13:54,861001000767885,16.8,1,10.1060766833,-69.3302231667
2015-09-09 10:12:55,861001000767554,24.5,2,10.00060095,-69.2153375
2015-09-09 10:08:41,861001000767885,16.8,1,10.1060766833,-69.3302231667
2015-09-09 10:07:30,861001000767554,24.5,2,10.00060095,-69.2153375
2015-09-09 10:03:15,861001000767885,16.8,1,10.1060766833,-69.3302231667
2015-09-09 10:02:06,861001000767554,24.55,2,10.00060095,-69.2153375
2015-09-09 09:57:43,861001000767885,16.8,1,10.1060766833,-69.3302231667
2015-09-09 09:56:41,861001000767554,24.55,2,10.00060095,-69.2153375
2015-09-09 09:52:18,861001000767885,16.7,1,10.1060766833,-69.3302231667
2015-09-09 09:51:17,861001000767554,24.6,2,10.00060095,-69.2153375
2015-09-09 09:47:04,861001000767885,16.7,1,10.1060766833,-69.3302231667
2015-09-09 09:45:52,861001000767554,24.6,2,10.00060095,-69.2153375
2015-09-09 09:41:39,861001000767885,16.7,1,10.1060766833,-69.3302231667
2015-09-09 09:40:12,861001000767554,24.6,2,10.00060095,-69.2153375
2015-09-09 09:35:59,861001000767885,16.6,1,10.1060766833,-69.3302231667
2015-09-09 09:34:48,861001000767554,24.65,2,10.00060095,-69.2153375
2015-09-09 09:30:45,861001000767885,16.7,1,10.1060766833,-69.3302231667
2015-09-09 09:29:25,861001000767554,24.7,2,10.00060095,-69.2153375
2015-09-09 09:25:21,861001000767885,16.6,1,10.1060766833,-69.3302231667
2015-09-09 09:24:01,861001000767554,24.7,2,10.00060095,-69.2153375
2015-09-09 09:19:57,861001000767885,16.6,1,10.1060766833,-69.3302231667
2015-09-09 09:18:38,861001000767554,24.75,2,10.00060095,-69.2153375
2015-09-09 09:14:32,861001000767885,16.6,1,10.1060766833,-69.3302231667
2015-09-09 09:13:12,861001000767554,24.7,2,10.00060095,-69.2153375
2015-09-09 09:09:05,861001000767885,16.6,1,10.1060766833,-69.3302231667
2015-09-09 09:07:49,861001000767554,24.75,2,10.00060095,-69.2153375
2015-09-09 09:03:41,861001000767885,16.6,1,10.1060766833,-69.3302231667
2015-09-09 09:02:25,861001000767554,24.8,2,10.00060095,-69.2153375
2015-09-09 08:58:17,861001000767885,16.6,1,10.1060766833,-69.3302231667
2015-09-09 08:57:02,861001000767554,24.8,2,10.00060095,-69.2153375
2015-09-09 08:52:52,861001000767885,16.6,1,10.1060766833,-69.3302231667
2015-09-09 08:51:22,861001000767554,24.8,2,10.00060095,-69.2153375
2015-09-09 08:47:28,861001000767885,16.6,1,10.1060766833,-69.3302231667
2015-09-09 08:45:58,861001000767554,24.8,2,10.00060095,-69.2153375
2015-09-09 08:41:48,861001000767885,16.5,1,10.1060766833,-69.3302231667
2015-09-09 08:40:34,861001000767554,24.8,2,10.00060095,-69.2153375
2015-09-09 08:36:24,861001000767885,16.5,1,10.1060766833,-69.3302231667
2015-09-09 08:35:10,861001000767554,24.8,2,10.00060095,-69.2153375
2015-09-09 08:31:00,861001000767885,16.5,1,10.1060766833,-69.3302231667
2015-09-09 08:29:46,861001000767554,24.85,2,10.00060095,-69.2153375
2015-09-09 08:25:35,861001000767885,16.5,1,10.1060766833,-69.3302231667
2015-09-09 08:24:22,861001000767554,24.8,2,10.00060095,-69.2153375
2015-09-09 08:20:11,861001000767885,16.5,1,10.1060766833,-69.3302231667
2015-09-09 08:18:58,861001000767554,24.9,2,10.00060095,-69.2153375
2015-09-09 08:14:44,861001000767885,16.5,1,10.1060766833,-69.3302231667
2015-09-09 08:13:34,861001000767554,24.9,2,10.00060095,-69.2153375
2015-09-09 08:09:20,861001000767885,16.4,1,10.1060766833,-69.3302231667
2015-09-09 08:08:10,861001000767554,24.9,2,10.00060095,-69.2153375
2015-09-09 08:03:56,861001000767885,16.3,1,10.1060766833,-69.3302231667
2015-09-09 08:02:30,861001000767554,24.9,2,10.00060095,-69.2153375
2015-09-09 07:57:06,861001000767554,24.9,2,10.00060095,-69.2153375
2015-09-09 07:53:10,861001000767885,16.3,1,10.1060766833,-69.3302231667
2015-09-09 07:51:41,861001000767554,24.9,2,10.00060095,-69.2153375
2015-09-09 07:47:45,861001000767885,16.3,1,10.1060766833,-69.3302231667
2015-09-09 07:46:17,861001000767554,24.9,2,10.00060095,-69.2153375
2015-09-09 07:42:20,861001000767885,16.2,1,10.1060766833,-69.3302231667
2015-09-09 07:40:51,861001000767554,24.95,2,10.00060095,-69.2153375
2015-09-09 07:37:09,861001000767885,16.1,1,10.1060766833,-69.3302231667
2015-09-09 07:35:27,861001000767554,24.95,2,10.00060095,-69.2153375
2015-09-09 07:31:43,861001000767885,16.1,1,10.1060766833,-69.3302231667
2015-09-09 07:30:06,861001000767554,24.95,2,10.00060095,-69.2153375
2015-09-09 07:26:19,861001000767885,16,1,10.1060766833,-69.3302231667
2015-09-09 07:24:43,861001000767554,24.95,2,10.00060095,-69.2153375
2015-09-09 07:20:54,861001000767885,16,1,10.1060766833,-69.3302231667
2015-09-09 07:19:17,861001000767554,24.95,2,10.00060095,-69.2153375
2015-09-09 07:13:54,861001000767554,24.95,2,10.00060095,-69.2153375
2015-09-09 07:10:08,861001000767885,15.9,1,10.1060766833,-69.3302231667
2015-09-09 07:08:30,861001000767554,24.95,2,10.00060095,-69.2153375
2015-09-09 07:04:42,861001000767885,15.8,1,10.1060766833,-69.3302231667
2015-09-09 07:02:49,861001000767554,24.95,2,10.00060095,-69.2153375
2015-09-09 06:59:15,861001000767885,15.8,1,10.1060766833,-69.3302231667
2015-09-09 06:57:26,861001000767554,25.05,2,10.00060095,-69.2153375
2015-09-09 06:53:51,861001000767885,15.6,1,10.1060766833,-69.3302231667
2015-09-09 06:52:00,861001000767554,25.05,2,10.00060095,-69.2153375
2015-09-09 06:48:26,861001000767885,15.6,1,10.1060766833,-69.3302231667
2015-09-09 06:46:37,861001000767554,25.05,2,10.00060095,-69.2153375
2015-09-09 06:43:02,861001000767885,15.6,1,10.1060766833,-69.3302231667
2015-09-09 06:41:13,861001000767554,25.1,2,10.00060095,-69.2153375
2015-09-09 06:37:38,861001000767885,15.5,1,10.1060766833,-69.3302231667
2015-09-09 06:35:49,861001000767554,24.8,1,10.00060095,-69.2153375
2015-09-09 06:31:58,861001000767885,15.4,1,10.1060766833,-69.3302231667
2015-09-09 06:30:25,861001000767554,25.15,2,10.00060095,-69.2153375
2015-09-09 06:26:48,861001000767885,15.3,1,10.1060766833,-69.3302231667
2015-09-09 06:25:01,861001000767554,25.15,2,10.00060095,-69.2153375
2015-09-09 06:21:23,861001000767885,15.2,1,10.1060766833,-69.3302231667
2015-09-09 06:19:37,861001000767554,25.2,2,10.00060095,-69.2153375
2015-09-09 06:15:59,861001000767885,15.1,1,10.1060766833,-69.3302231667
2015-09-09 06:14:12,861001000767554,25.2,2,10.00060095,-69.2153375
2015-09-09 06:10:34,861001000767885,15,1,10.1060766833,-69.3302231667
2015-09-09 06:08:45,861001000767554,25.2,2,10.00060095,-69.2153375
2015-09-09 06:04:54,861001000767885,14.9,1,10.1060766833,-69.3302231667
2015-09-09 06:03:21,861001000767554,25.25,2,10.00060095,-69.2153375
2015-09-09 05:59:29,861001000767885,14.8,1,10.1060766833,-69.3302231667
2015-09-09 05:57:57,861001000767554,25.25,2,10.00060095,-69.2153375
2015-09-09 05:54:19,861001000767885,14.6,1,10.1060766833,-69.3302231667
2015-09-09 05:52:33,861001000767554,25.3,2,10.00060095,-69.2153375
2015-09-09 05:48:52,861001000767885,14.5,1,10.1060766833,-69.3302231667
2015-09-09 05:46:53,861001000767554,25.35,2,10.00060095,-69.2153375
2015-09-09 05:43:27,861001000767885,14.3,1,10.1060766833,-69.3302231667
2015-09-09 05:41:29,861001000767554,25.4,2,10.00060095,-69.2153375
2015-09-09 05:38:02,861001000767885,14.1,1,10.1060766833,-69.3302231667
2015-09-09 05:36:05,861001000767554,25.4,2,10.00060095,-69.2153375
2015-09-09 05:32:38,861001000767885,14,1,10.1060766833,-69.3302231667
2015-09-09 05:30:40,861001000767554,25.4,2,10.00060095,-69.2153375
2015-09-09 05:27:12,861001000767885,13.8,1,10.1060766833,-69.3302231667
2015-09-09 05:25:17,861001000767554,25.45,2,10.00060095,-69.2153375
2015-09-09 05:21:47,861001000767885,13.6,1,10.1060766833,-69.3302231667
2015-09-09 05:19:50,861001000767554,25.5,2,10.00060095,-69.2153375
2015-09-09 05:16:19,861001000767885,13.4,1,10.1060766833,-69.3302231667
2015-09-09 05:14:26,861001000767554,25.5,2,10.00060095,-69.2153375
2015-09-09 05:10:52,861001000767885,13.3,1,10.1060766833,-69.3302231667
2015-09-09 05:09:02,861001000767554,25.55,2,10.00060095,-69.2153375
2015-09-09 05:05:37,861001000767885,13,1,10.1060766833,-69.3302231667
2015-09-09 05:03:36,861001000767554,25.6,2,10.00060095,-69.2153375
2015-09-09 04:58:10,861001000767554,25.6,2,10.00060095,-69.2153375
2015-09-09 04:54:49,861001000767885,12.4,1,10.1060766833,-69.3302231667
2015-09-09 04:52:44,861001000767554,25.6,2,10.00060095,-69.2153375
2015-09-09 04:49:24,861001000767885,12,1,10.1060766833,-69.3302231667
2015-09-09 04:47:20,861001000767554,25.6,2,10.00060095,-69.2153375
2015-09-09 04:43:54,861001000767885,11.4,1,10.1060766833,-69.3302231667
2015-09-09 04:41:56,861001000767554,25.6,2,10.00060095,-69.2153375
2015-09-09 04:38:27,861001000767885,10.7,1,10.1060766833,-69.3302231667
2015-09-09 04:36:31,861001000767554,25.65,2,10.00060095,-69.2153375
2015-09-09 04:33:02,861001000767885,9.8,1,10.1060766833,-69.3302231667
2015-09-09 04:31:06,861001000767554,25.7,2,10.00060095,-69.2153375
2015-09-09 04:27:36,861001000767885,7.9,1,10.1060766833,-69.3302231667
2015-09-09 04:25:41,861001000767554,25.7,2,10.00060095,-69.2153375
2015-09-09 04:22:11,861001000767885,3.3,1,10.1060799667,-69.3302048167
2015-09-09 04:20:17,861001000767554,25.7,2,10.00060095,-69.2153375
2015-09-09 04:14:51,861001000767554,25.7,2,10.00060095,-69.2153375
2015-09-09 04:11:19,861001000767885,4.9,1,10.07993555,-69.2465631167
2015-09-09 04:09:27,861001000767554,25.75,2,10.00060095,-69.2153375
2015-09-09 04:06:00,861001000767885,9.3,1,10.0840707833,-69.2288634
2015-09-09 04:04:02,861001000767554,25.8,2,10.00060095,-69.2153375
2015-09-09 04:00:36,861001000767885,3,1,10.09138145,-69.2018321333
2015-09-09 03:58:34,861001000767554,25.8,2,10.00060095,-69.2153375
2015-09-09 03:55:12,861001000767885,5,1,10.0962322,-69.17578585
2015-09-09 03:53:11,861001000767554,25.9,2,10.00060095,-69.2153375
2015-09-09 03:49:41,861001000767885,11.1,1,10.0744789,-69.1041700667
2015-09-09 03:47:47,861001000767554,25.95,2,10.00060095,-69.2153375
2015-09-09 03:42:21,861001000767554,25.95,2,10.00060095,-69.2153375
2015-09-09 03:36:57,861001000767554,26.05,2,10.00060095,-69.2153375
2015-09-09 03:33:46,861001000767885,5.8,1,10.1577088667,-68.9170690167
2015-09-09 03:31:28,861001000767554,26.05,2,10.00060095,-69.2153375
2015-09-09 03:28:21,861001000767885,11.7,1,10.1862892,-68.8845413667
2015-09-09 03:26:04,861001000767554,26.15,2,10.00060095,-69.2153375
2015-09-09 03:22:56,861001000767885,5.3,1,10.1863442667,-68.88449895
2015-09-09 03:20:37,861001000767554,26.15,2,10.00060095,-69.2153375
2015-09-09 03:17:27,861001000767885,12,1,10.2297471,-68.84410395
2015-09-09 03:15:12,861001000767554,26.15,2,10.00060095,-69.2153375
2015-09-09 03:09:47,861001000767554,26.2,2,10.00060095,-69.2153375
2015-09-09 03:06:34,861001000767885,12.4,1,10.31340485,-68.7607025833
2015-09-09 03:04:20,861001000767554,26.2,2,10.00060095,-69.2153375
2015-09-09 03:01:20,861001000767885,7,1,10.31898695,-68.6977741833
2015-09-09 02:58:54,861001000767554,26.25,2,10.00060095,-69.2153375
2015-09-09 02:55:53,861001000767885,10.2,1,10.3221612,-68.6930467333
2015-09-09 02:53:29,861001000767554,26.2,2,10.00060095,-69.2153375
2015-09-09 02:50:24,861001000767885,8.4,1,10.3389771167,-68.6716190333
2015-09-09 02:48:02,861001000767554,26.25,2,10.00060095,-69.2153375
2015-09-09 02:45:03,861001000767885,6.1,1,10.4050531833,-68.6395412167
2015-09-09 02:42:38,861001000767554,26.25,2,10.00060095,-69.2153375
2015-09-09 02:39:47,861001000767885,8.8,1,10.4474675667,-68.58573405
2015-09-09 02:37:10,861001000767554,26.2,2,10.00060095,-69.2153375
2015-09-09 02:31:45,861001000767554,26.2,2,10.00060095,-69.2153375
2015-09-09 02:26:19,861001000767554,26.25,2,10.00060095,-69.2153375
2015-09-09 02:23:34,861001000767885,5.3,1,10.4554344167,-68.37012805
2015-09-09 02:20:53,861001000767554,26.35,2,10.00060095,-69.2153375
2015-09-09 02:15:24,861001000767554,26.5,2,10.00060095,-69.2153375
2015-09-09 02:10:14,861001000767554,26.55,2,10.00060095,-69.2153375
2015-09-09 02:04:47,861001000767554,26.55,2,10.00060095,-69.2153375
2015-09-09 01:59:19,861001000767554,26.65,2,10.00060095,-69.2153375
2015-09-09 01:53:52,861001000767554,26.7,2,10.00060095,-69.2153375
2015-09-09 01:51:23,861001000767885,5.1,1,10.4836878333,-68.15348615
2015-09-09 01:48:25,861001000767554,26.75,2,10.00060095,-69.2153375
2015-09-09 01:45:58,861001000767885,11.1,1,10.4759405,-68.1113150833
2015-09-09 01:42:59,861001000767554,26.8,2,10.00060095,-69.2153375
2015-09-09 01:40:30,861001000767885,3.8,1,10.4379632833,-68.1125484167
2015-09-09 01:37:33,861001000767554,26.85,2,10.00060095,-69.2153375
2015-09-09 01:32:17,861001000767554,27,2,10.00060095,-69.2153375
2015-09-09 01:29:38,861001000767885,6.6,1,10.3207227333,-68.0925608167
2015-09-09 01:26:42,861001000767554,27,2,10.00060095,-69.2153375
2015-09-09 01:24:28,861001000767885,7.9,1,10.2997190667,-68.04843225
2015-09-09 01:21:14,861001000767554,27.05,2,10.00060095,-69.2153375
2015-09-09 01:18:50,861001000767885,8.2,1,10.2984954167,-68.0425939167
2015-09-09 01:15:59,861001000767554,27.05,2,10.00060095,-69.2153375
2015-09-09 01:13:38,861001000767885,8.2,1,10.2984954167,-68.0425939167
2015-09-09 01:10:34,861001000767554,27.15,2,10.00060095,-69.2153375
2015-09-09 01:02:47,861001000767885,6.3,1,10.2926409333,-68.0306147333
2015-09-09 00:59:37,861001000767554,27.2,2,10.00060095,-69.2153375
2015-09-09 00:57:17,861001000767885,12.1,1,10.27136005,-67.9872066
2015-09-09 00:54:11,861001000767554,27.2,2,10.00060095,-69.2153375
2015-09-09 00:51:52,861001000767885,5.3,1,10.2826023167,-67.9342224
2015-09-09 00:49:01,861001000767554,27.3,2,10.00060095,-69.2153375
2015-09-09 00:46:36,861001000767885,12.1,1,10.2344547,-67.90240065
2015-09-09 00:43:34,861001000767554,27.4,2,10.00060095,-69.2153375
2015-09-09 00:41:08,861001000767885,5.8,1,10.24157165,-67.8556555167
2015-09-09 00:38:08,861001000767554,27.45,2,10.00060095,-69.2153375
2015-09-09 00:35:41,861001000767885,9.4,1,10.2591199667,-67.8096627333
2015-09-09 00:32:41,861001000767554,27.45,2,10.00060095,-69.2153375
2015-09-09 00:27:06,861001000767554,27.5,2,10.00060095,-69.2153375
2015-09-09 00:21:56,861001000767554,27.65,2,10.00060095,-69.2153375
2015-09-09 00:19:34,861001000767885,7.5,1,10.2557428667,-67.6317979167
2015-09-09 00:16:26,861001000767554,27.7,2,10.00060095,-69.2153375
2015-09-09 00:14:10,861001000767885,10.1,1,10.2258687333,-67.5818952333
2015-09-09 00:11:01,861001000767554,27.75,2,10.00060095,-69.2153375
2015-09-09 00:05:29,861001000767554,27.85,2,10.00060095,-69.2153375
2015-09-09 00:03:35,861001000767885,10.3,1,10.2083591333,-67.45390435
2015-09-09 00:00:02,861001000767554,27.9,2,10.00060095,-69.2153375
2015-09-08 23:57:59,861001000767885,6.4,1,10.21238535,-67.3834536333
2015-09-08 23:54:50,861001000767554,27.95,2,10.00060095,-69.2153375
2015-09-08 23:52:43,861001000767885,16.1,1,10.2212122833,-67.3193028167
2015-09-08 23:49:24,861001000767554,28.1,2,10.00060095,-69.2153375
2015-09-08 23:44:00,861001000767554,28.15,2,10.00060095,-69.2153375
2015-09-08 23:42:02,861001000767885,15.3,1,10.2452204667,-67.2012115333
2015-09-08 23:38:30,861001000767554,28.25,2,10.00060095,-69.2153375
2015-09-08 23:33:02,861001000767554,28.4,2,10.00060095,-69.2153375
2015-09-08 23:27:48,861001000767554,28.5,2,10.00060095,-69.2153375
2015-09-08 23:22:19,861001000767554,28.55,2,10.00060095,-69.2153375
2015-09-08 23:20:24,861001000767885,11.1,1,10.2623246167,-66.96098675
2015-09-08 23:16:55,861001000767554,28.6,2,10.00060095,-69.2153375
2015-09-08 23:11:30,861001000767554,28.7,2,10.00060095,-69.2153375
2015-09-08 23:09:33,861001000767885,9.8,1,10.2700680333,-66.9444655333
2015-09-08 23:06:04,861001000767554,28.7,2,10.00060095,-69.2153375
2015-09-08 23:04:07,861001000767885,12.1,1,10.2844861833,-66.9118071167
2015-09-08 23:00:40,861001000767554,28.75,2,10.00060095,-69.2153375
2015-09-08 22:58:58,861001000767885,17.1,1,10.3037006,-66.8899861667
2015-09-08 22:55:06,861001000767554,28.85,2,10.00060095,-69.2153375
2015-09-08 22:49:42,861001000767554,28.95,2,10.00060095,-69.2153375
2015-09-08 22:48:15,861001000767885,16.3,1,10.33673145,-66.8652285167
2015-09-08 22:44:21,861001000767554,28.95,2,10.00060095,-69.2153375
2015-09-08 22:42:39,861001000767885,15.6,1,10.3588749333,-66.8856885333
2015-09-08 22:38:54,861001000767554,29.05,2,10.00060095,-69.2153375
2015-09-08 22:37:13,861001000767885,14.8,1,10.38795795,-66.8893769833
2015-09-08 22:33:26,861001000767554,29.05,2,10.00060095,-69.2153375
2015-09-08 22:31:54,861001000767885,13.7,1,10.4042859,-66.90412285
2015-09-08 22:27:57,861001000767554,29.15,2,10.00060095,-69.2153375
2015-09-08 22:26:30,861001000767885,9.2,1,10.4042859,-66.90412285
2015-09-08 22:22:39,861001000767554,29.25,2,10.00060095,-69.2153375
2015-09-08 22:21:06,861001000767885,13.8,1,10.4042859,-66.90412285
2015-09-08 22:17:22,861001000767554,29.3,2,10.00060095,-69.2153375
2015-09-08 22:15:41,861001000767885,17.3,1,10.4042859,-66.90412285
2015-09-08 22:11:56,861001000767554,29.35,2,10.00060095,-69.2153375
2015-09-08 22:10:16,861001000767885,16.9,1,10.4042859,-66.90412285
2015-09-08 22:06:23,861001000767554,29.45,2,10.00060095,-69.2153375
2015-09-08 22:04:52,861001000767885,16.3,1,10.4042859,-66.90412285
2015-09-08 22:01:06,861001000767554,29.45,2,10.00060095,-69.2153375
2015-09-08 21:59:22,861001000767885,15.6,1,10.4042859,-66.90412285
2015-09-08 21:55:40,861001000767554,29.45,2,10.00060095,-69.2153375
2015-09-08 21:53:59,861001000767885,14.3,1,10.4042859,-66.90412285
2015-09-08 21:50:14,861001000767554,29.4,2,10.00060095,-69.2153375
2015-09-08 21:48:36,861001000767885,10.8,1,10.4042859,-66.90412285
2015-09-08 21:44:38,861001000767554,29.5,2,10.00060095,-69.2153375
2015-09-08 21:43:12,861001000767885,9.2,1,10.404295,-66.9041453667
2015-09-08 21:39:12,861001000767554,29.7,2,10.00060095,-69.2153375
2015-09-08 21:37:50,861001000767885,17,1,10.4145749167,-66.9113631167
2015-09-08 21:33:56,861001000767554,30,2,10.00060095,-69.2153375
2015-09-08 21:32:18,861001000767885,16.8,1,10.4431162667,-66.9243276333
2015-09-08 21:28:29,861001000767554,30.1,2,10.00060095,-69.2153375
2015-09-08 21:23:02,861001000767554,30.15,2,10.00060095,-69.2153375
2015-09-08 21:21:30,861001000767885,15.8,1,10.4888545,-66.8755468
2015-09-08 21:17:37,861001000767554,30.1,2,10.00060095,-69.2153375
2015-09-08 21:16:12,861001000767885,14.3,1,10.4867614667,-66.85531745
2015-09-08 21:12:10,861001000767554,30.1,2,10.00060095,-69.2153375
2015-09-08 21:10:48,861001000767885,11.1,1,10.4759320667,-66.8174493333
2015-09-08 21:06:44,861001000767554,30.15,2,10.00060095,-69.2153375
2015-09-08 21:05:16,861001000767885,6.6,1,10.4965398667,-66.7821020333
2015-09-08 21:01:19,861001000767554,30.1,2,10.00060095,-69.2153375
2015-09-08 20:55:54,861001000767554,30.05,2,10.00060095,-69.2153375
2015-09-08 20:50:26,861001000767554,29.9,2,10.00060095,-69.2153375
2015-09-08 20:49:21,861001000767885,15.9,1,10.4726955667,-66.6563152
2015-09-08 20:45:07,861001000767554,30.05,2,10.00060095,-69.2153375
2015-09-08 20:43:58,861001000767885,15.1,1,10.4775797,-66.6292511333
2015-09-08 20:39:40,861001000767554,30.3,2,10.00060095,-69.2153375
2015-09-08 20:38:32,861001000767885,13.5,1,10.4887354167,-66.6329770667
2015-09-08 20:34:25,861001000767554,30.35,2,10.00060095,-69.2153375
2015-09-08 20:33:05,861001000767885,9,1,10.48883025,-66.6329032833
2015-09-08 20:28:59,861001000767554,30.4,2,10.00060095,-69.2153375
2015-09-08 20:27:38,861001000767885,8,1,10.4884273667,-66.6328798833
2015-09-08 20:23:32,861001000767554,30.3,2,10.00060095,-69.2153375
2015-09-08 20:22:10,861001000767885,16.1,1,10.4884273667,-66.6328798833
2015-09-08 20:18:06,861001000767554,30.3,2,10.00060095,-69.2153375
2015-09-08 20:16:41,861001000767885,15.2,1,10.4885726,-66.6330179
2015-09-08 20:12:38,861001000767554,30.5,2,10.00060095,-69.2153375
2015-09-08 20:11:16,861001000767885,14.2,1,10.4882927,-66.6374133833
2015-09-08 20:07:11,861001000767554,30.55,2,10.00060095,-69.2153375
2015-09-08 20:06:05,861001000767885,13.2,1,10.4882927,-66.6374133833
2015-09-08 20:01:44,861001000767554,30.5,2,10.00060095,-69.2153375
2015-09-08 20:00:40,861001000767885,11.1,1,10.4878736333,-66.63807085
2015-09-08 19:56:20,861001000767554,30.55,2,10.00060095,-69.2153375
2015-09-08 19:55:15,861001000767885,8.3,1,10.4878882833,-66.6380475
2015-09-08 19:50:55,861001000767554,30.55,2,10.00060095,-69.2153375
2015-09-08 19:49:49,861001000767885,6.1,1,10.4878882833,-66.6380475
2015-09-08 19:45:30,861001000767554,30.7,2,10.00060095,-69.2153375
2015-09-08 19:44:23,861001000767885,12.1,1,10.4878882833,-66.6380475
2015-09-08 19:40:05,861001000767554,30.75,2,10.00060095,-69.2153375
2015-09-08 19:38:55,861001000767885,15.7,1,10.4878882833,-66.6380475
2015-09-08 19:34:41,861001000767554,30.75,2,10.00060095,-69.2153375
2015-09-08 19:33:29,861001000767885,14.3,1,10.4878882833,-66.6380475
2015-09-08 19:29:21,861001000767554,30.85,2,10.00060095,-69.2153375
2015-09-08 19:28:04,861001000767885,11.7,1,10.4878882833,-66.6380475
2015-09-08 19:23:54,861001000767554,31,2,10.00060095,-69.2153375
2015-09-08 19:22:37,861001000767885,7.1,1,10.4878882833,-66.6380475
2015-09-08 19:18:25,861001000767554,31.15,2,10.00060095,-69.2153375
2015-09-08 19:17:12,861001000767885,7,1,10.4878882833,-66.6380475
2015-09-08 19:13:00,861001000767554,31.25,2,10.00060095,-69.2153375
2015-09-08 19:11:47,861001000767885,13.6,1,10.4878882833,-66.6380475
2015-09-08 19:07:34,861001000767554,31.3,2,10.00060095,-69.2153375
2015-09-08 19:06:21,861001000767885,18.1,1,10.4878882833,-66.6380475
2015-09-08 19:02:07,861001000767554,31.45,2,10.00060095,-69.2153375
2015-09-08 19:00:57,861001000767885,21.9,1,10.4878882833,-66.6380475
2015-09-08 18:56:57,861001000767554,31.45,2,10.00060095,-69.2153375
2015-09-08 18:51:29,861001000767554,31.55,2,10.00060095,-69.2153375
2015-09-08 18:50:10,861001000767885,12.5,1,10.4878882833,-66.6380475
2015-09-08 18:46:03,861001000767554,31.55,2,10.00060095,-69.2153375
2015-09-08 18:44:44,861001000767885,11.4,1,10.4878882833,-66.6380475
2015-09-08 18:40:40,861001000767554,31.85,2,10.00060095,-69.2153375
2015-09-08 18:39:18,861001000767885,10.8,1,10.48788935,-66.6380327333
2015-09-08 18:35:10,861001000767554,32.05,2,10.00060095,-69.2153375
2015-09-08 18:34:08,861001000767885,18.1,1,10.4879879167,-66.6370649167
2015-09-08 18:29:45,861001000767554,32.35,2,10.00060095,-69.2153375
2015-09-08 18:28:42,861001000767885,14.8,1,10.4879879167,-66.6370649167
2015-09-08 18:24:18,861001000767554,32.5,2,10.00060095,-69.2153375
2015-09-08 18:23:17,861001000767885,14.6,1,10.4879879167,-66.6370649167
2015-09-08 18:18:51,861001000767554,32.7,2,10.00060095,-69.2153375
2015-09-08 18:17:52,861001000767885,15.7,1,10.4879879167,-66.6370649167
2015-09-08 18:13:26,861001000767554,32.85,2,10.00060095,-69.2153375
2015-09-08 18:12:21,861001000767885,11.7,1,10.4879879167,-66.6370649167
2015-09-08 18:08:08,861001000767554,32.95,2,10.00060095,-69.2153375
2015-09-08 18:06:55,861001000767885,12.5,1,10.4879879167,-66.6370649167
2015-09-08 18:02:35,861001000767554,32.95,2,10.00060095,-69.2153375
2015-09-08 18:01:30,861001000767885,17.1,1,10.4879879167,-66.6370649167
2015-09-08 17:57:10,861001000767554,32.95,2,10.00060095,-69.2153375
2015-09-08 17:56:14,861001000767885,12.7,1,10.4879879167,-66.6370649167
2015-09-08 17:51:45,861001000767554,32.9,2,10.00060095,-69.2153375
2015-09-08 17:50:47,861001000767885,9.6,1,10.4879879167,-66.6370649167
2015-09-08 17:46:21,861001000767554,32.9,2,10.00060095,-69.2153375
2015-09-08 17:45:21,861001000767885,10.3,1,10.4879879167,-66.6370649167
2015-09-08 17:40:57,861001000767554,32.95,2,10.00060095,-69.2153375
2015-09-08 17:35:31,861001000767554,32.95,2,10.00060095,-69.2153375
2015-09-08 17:34:42,861001000767885,6.5,1,10.4879879167,-66.6370649167
2015-09-08 17:30:06,861001000767554,33,2,10.00060095,-69.2153375
2015-09-08 17:24:42,861001000767554,32.95,2,10.00060095,-69.2153375
2015-09-08 17:23:47,861001000767885,6.7,1,10.4879879167,-66.6370649167
2015-09-08 17:19:17,861001000767554,33,2,10.00060095,-69.2153375
2015-09-08 17:18:21,861001000767885,6.9,1,10.4879879167,-66.6370649167
2015-09-08 17:13:51,861001000767554,33.15,2,10.00060095,-69.2153375
2015-09-08 17:13:05,861001000767885,7.1,1,10.4879879167,-66.6370649167
2015-09-08 17:08:25,861001000767554,33.1,2,10.00060095,-69.2153375
2015-09-08 17:07:37,861001000767885,7.1,1,10.4879879167,-66.6370649167
2015-09-08 17:02:59,861001000767554,33.05,2,10.00060095,-69.2153375
2015-09-08 17:02:09,861001000767885,7.1,1,10.4879879167,-66.6370649167
2015-09-08 16:57:33,861001000767554,32.95,2,10.00060095,-69.2153375
2015-09-08 16:56:42,861001000767885,7,1,10.4879879167,-66.6370649167
2015-09-08 16:52:09,861001000767554,32.9,2,10.00060095,-69.2153375
2015-09-08 16:51:27,861001000767885,6.8,1,10.4879879167,-66.6370649167
2015-09-08 16:46:44,861001000767554,32.85,2,10.00060095,-69.2153375
2015-09-08 16:45:59,861001000767885,8,1,10.4879879167,-66.6370649167
2015-09-08 16:41:17,861001000767554,32.7,2,10.00060095,-69.2153375
2015-09-08 16:40:34,861001000767885,9.3,1,10.4879851333,-66.6370645333
2015-09-08 16:35:50,861001000767554,32.8,2,10.00060095,-69.2153375
2015-09-08 16:35:08,861001000767885,10.8,1,10.4882470833,-66.63746015
2015-09-08 16:30:26,861001000767554,32.75,2,10.00060095,-69.2153375
2015-09-08 16:29:49,861001000767885,12.4,1,10.4882470833,-66.63746015
2015-09-08 16:25:00,861001000767554,32.7,2,10.00060095,-69.2153375
2015-09-08 16:24:22,861001000767885,14,1,10.4882470833,-66.63746015
2015-09-08 16:19:35,861001000767554,32.55,2,10.00060095,-69.2153375
2015-09-08 16:18:56,861001000767885,15.7,1,10.4882470833,-66.63746015
2015-09-08 16:14:10,861001000767554,32.55,2,10.00060095,-69.2153375
2015-09-08 16:13:30,861001000767885,17.2,1,10.4882470833,-66.63746015
2015-09-08 16:08:45,861001000767554,32.35,2,10.00060095,-69.2153375
2015-09-08 16:08:00,861001000767885,18.9,1,10.4882470833,-66.63746015
2015-09-08 16:03:21,861001000767554,32.25,2,10.00060095,-69.2153375
2015-09-08 16:02:47,861001000767885,20.9,1,10.4882470833,-66.63746015
2015-09-08 15:57:57,861001000767554,32.2,2,10.00060095,-69.2153375
2015-09-08 15:57:10,861001000767885,22.8,1,10.4882470833,-66.63746015
2015-09-08 15:52:32,861001000767554,31.95,2,10.00060095,-69.2153375
2015-09-08 15:51:58,861001000767885,24.6,1,10.4882470833,-66.63746015
2015-09-08 15:47:06,861001000767554,31.95,2,10.00060095,-69.2153375
2015-09-08 15:46:28,861001000767885,26.5,1,10.4884091,-66.6373361167
2015-09-08 15:41:43,861001000767554,31.7,2,10.00060095,-69.2153375
2015-09-08 15:41:01,861001000767885,28.6,1,10.4885693167,-66.63303925
2015-09-08 15:36:15,861001000767554,31.6,2,10.00060095,-69.2153375
2015-09-08 15:35:35,861001000767885,28.6,1,10.4885693167,-66.63303925
2015-09-08 15:30:06,861001000767885,28.1,1,10.4885693167,-66.63303925
2015-09-08 15:25:27,861001000767554,31.2,2,10.0007827333,-69.2148884333
2015-09-08 15:24:55,861001000767885,29,1,10.4885693167,-66.63303925
2015-09-08 15:20:03,861001000767554,30.95,2,10.0007827333,-69.2148884333
2015-09-08 15:19:27,861001000767885,28.8,1,10.4885693167,-66.63303925
2015-09-08 15:14:38,861001000767554,30.8,2,10.0007827333,-69.2148884333
2015-09-08 15:13:59,861001000767885,28.8,1,10.4885693167,-66.63303925
2015-09-08 15:09:11,861001000767554,30.55,2,10.0007827333,-69.2148884333
2015-09-08 15:08:32,861001000767885,28.7,1,10.4885693167,-66.63303925
2015-09-08 15:03:45,861001000767554,30.6,2,10.0007827333,-69.2148884333
2015-09-08 15:03:14,861001000767885,28.6,1,10.4885693167,-66.63303925
2015-09-08 14:58:19,861001000767554,30.5,2,10.0007827333,-69.2148884333
2015-09-08 14:57:47,861001000767885,28.5,1,10.4885693167,-66.63303925
2015-09-08 14:52:56,861001000767554,30.4,2,10.0007827333,-69.2148884333
2015-09-08 14:52:20,861001000767885,28.5,1,10.4884666333,-66.6329621833
2015-09-08 14:47:28,861001000767554,30.4,2,10.0007827333,-69.2148884333
2015-09-08 14:46:53,861001000767885,28.4,1,10.4884666333,-66.6329621833
2015-09-08 14:42:01,861001000767554,30.1,2,10.0007827333,-69.2148884333
2015-09-08 14:41:26,861001000767885,28.3,1,10.4884666333,-66.6329621833
2015-09-08 14:36:38,861001000767554,30,2,10.0007827333,-69.2148884333
2015-09-08 14:36:15,861001000767885,28.2,1,10.4884666333,-66.6329621833
2015-09-08 14:31:14,861001000767554,29.85,2,10.0007827333,-69.2148884333
2015-09-08 14:30:48,861001000767885,28.1,1,10.4884666333,-66.6329621833
2015-09-08 14:25:49,861001000767554,29.65,2,10.0007827333,-69.2148884333
2015-09-08 14:25:21,861001000767885,28,1,10.4884666333,-66.6329621833
2015-09-08 14:20:33,861001000767554,29.55,2,10.0007827333,-69.2148884333
2015-09-08 14:19:57,861001000767885,28,1,10.4884666333,-66.6329621833
2015-09-08 14:15:09,861001000767554,29.3,2,10.0007827333,-69.2148884333
2015-09-08 14:14:29,861001000767885,27.8,1,10.4884666333,-66.6329621833
2015-09-08 14:09:41,861001000767554,29,2,10.0007827333,-69.2148884333
2015-09-08 14:09:03,861001000767885,27.8,1,10.4884666333,-66.6329621833
2015-09-08 14:04:13,861001000767554,28.7,2,10.0007827333,-69.2148884333
2015-09-08 14:03:38,861001000767885,27.7,1,10.4884666333,-66.6329621833
2015-09-08 13:58:48,861001000767554,28.5,2,10.0007827333,-69.2148884333
2015-09-08 13:58:14,861001000767885,27.6,1,10.4884666333,-66.6329621833
2015-09-08 13:53:23,861001000767554,28.25,2,10.0007827333,-69.2148884333
2015-09-08 13:47:56,861001000767554,28,2,10.0007827333,-69.2148884333
2015-09-08 13:47:25,861001000767885,27.5,1,10.4884666333,-66.6329621833
2015-09-08 13:42:30,861001000767554,27.8,2,10.0007827333,-69.2148884333
2015-09-08 13:37:06,861001000767554,27.5,2,10.0007827333,-69.2148884333
2015-09-08 13:36:44,861001000767885,27.3,1,10.4886581833,-66.6330531333
2015-09-08 13:31:40,861001000767554,27.25,2,10.0007827333,-69.2148884333
2015-09-08 13:31:16,861001000767885,27.3,1,10.4886581833,-66.6330531333
2015-09-08 13:26:22,861001000767554,27.1,2,10.0007827333,-69.2148884333
2015-09-08 13:25:49,861001000767885,27.2,1,10.4886581833,-66.6330531333
2015-09-08 13:20:22,861001000767885,27.1,1,10.4886581833,-66.6330531333
2015-09-08 13:15:46,861001000767554,26.6,2,10.0007827333,-69.2148884333
2015-09-08 13:15:07,861001000767885,27.1,1,10.4886581833,-66.6330531333
2015-09-08 13:10:20,861001000767554,26.4,2,10.0007827333,-69.2148884333
2015-09-08 13:09:43,861001000767885,27.1,1,10.4886581833,-66.6330531333
2015-09-08 13:04:41,861001000767554,26.2,2,10.0007827333,-69.2148884333
2015-09-08 13:04:14,861001000767885,27.1,1,10.4886581833,-66.6330531333
2015-09-08 12:59:34,861001000767554,25.95,2,10.0007827333,-69.2148884333
2015-09-08 12:58:47,861001000767885,27.1,1,10.4886581833,-66.6330531333
2015-09-08 12:54:08,861001000767554,25.8,2,10.0007827333,-69.2148884333
2015-09-08 12:53:23,861001000767885,27,1,10.4886581833,-66.6330531333
2015-09-08 12:48:42,861001000767554,25.7,2,10.0007827333,-69.2148884333
2015-09-08 12:47:58,861001000767885,27,1,10.4886581833,-66.6330531333
2015-09-08 12:43:17,861001000767554,25.55,2,10.0007827333,-69.2148884333
2015-09-08 12:42:32,861001000767885,27,1,10.4886581833,-66.6330531333
2015-09-08 12:37:51,861001000767554,25.45,2,10.0007827333,-69.2148884333
2015-09-08 12:37:08,861001000767885,27,1,10.4886581833,-66.6330531333
2015-09-08 12:32:18,861001000767554,25.4,2,10.0007827333,-69.2148884333
2015-09-08 12:31:42,861001000767885,26.9,1,10.4886581833,-66.6330531333
2015-09-08 12:26:53,861001000767554,25.35,2,10.0007827333,-69.2148884333
2015-09-08 12:26:18,861001000767885,26.9,1,10.4886581833,-66.6330531333
2015-09-08 12:21:27,861001000767554,25.25,2,10.0007827333,-69.2148884333
2015-09-08 12:20:51,861001000767885,26.9,1,10.4886581833,-66.6330531333
2015-09-08 12:16:00,861001000767554,25.1,2,10.0007827333,-69.2148884333
2015-09-08 12:15:27,861001000767885,27,1,10.4886581833,-66.6330531333
2015-09-08 12:10:36,861001000767554,25.1,2,10.0007827333,-69.2148884333
2015-09-08 12:10:02,861001000767885,27,1,10.4886581833,-66.6330531333
2015-09-08 12:04:38,861001000767885,27,1,10.4886581833,-66.6330531333
2015-09-08 11:59:45,861001000767554,24.8,2,10.0007827333,-69.2148884333
2015-09-08 11:59:11,861001000767885,27,1,10.4886581833,-66.6330531333
2015-09-08 11:54:19,861001000767554,24.75,2,10.0007827333,-69.2148884333
2015-09-08 11:53:43,861001000767885,27,1,10.4886581833,-66.6330531333
2015-09-08 11:48:55,861001000767554,24.55,2,10.0007827333,-69.2148884333
2015-09-08 11:48:18,861001000767885,27,1,10.4886581833,-66.6330531333
2015-09-08 11:43:43,861001000767554,24.45,2,10.0007827333,-69.2148884333
2015-09-08 11:42:53,861001000767885,27.1,1,10.4886581833,-66.6330531333
2015-09-08 11:38:02,861001000767554,24.4,2,10.0007827333,-69.2148884333
2015-09-08 11:37:29,861001000767885,27.1,1,10.4886581833,-66.6330531333
2015-09-08 11:32:52,861001000767554,24.35,2,10.0007827333,-69.2148884333
2015-09-08 11:32:18,861001000767885,27.1,1,10.4886581833,-66.6330531333
2015-09-08 11:27:11,861001000767554,24.4,2,10.0007827333,-69.2148884333
2015-09-08 11:26:54,861001000767885,27.1,1,10.4886581833,-66.6330531333
2015-09-08 11:22:01,861001000767554,24.4,2,10.0007827333,-69.2148884333
2015-09-08 11:21:27,861001000767885,27.2,1,10.4886581833,-66.6330531333
2015-09-08 11:16:35,861001000767554,24.4,2,10.0007827333,-69.2148884333
2015-09-08 11:16:00,861001000767885,27.3,1,10.4886581833,-66.6330531333
2015-09-08 11:10:35,861001000767885,27.3,1,10.4886581833,-66.6330531333
2015-09-08 11:05:29,861001000767554,24.45,2,10.0007827333,-69.2148884333
2015-09-08 11:05:11,861001000767885,27.3,1,10.4886581833,-66.6330531333
2015-09-08 11:00:04,861001000767554,24.55,2,10.0007827333,-69.2148884333
2015-09-08 10:59:47,861001000767885,27.4,1,10.4886581833,-66.6330531333
2015-09-08 10:54:39,861001000767554,24.55,2,10.0007827333,-69.2148884333
2015-09-08 10:54:21,861001000767885,27.4,1,10.4886581833,-66.6330531333
2015-09-08 10:49:16,861001000767554,24.6,2,10.0007827333,-69.2148884333
2015-09-08 10:48:53,861001000767885,27.5,1,10.4886581833,-66.6330531333
2015-09-08 10:43:50,861001000767554,24.55,2,10.0007827333,-69.2148884333
2015-09-08 10:43:29,861001000767885,27.5,1,10.4886581833,-66.6330531333
2015-09-08 10:38:27,861001000767554,24.6,2,10.0007827333,-69.2148884333
2015-09-08 10:38:05,861001000767885,27.5,1,10.4886581833,-66.6330531333
2015-09-08 10:33:02,861001000767554,24.6,2,10.0007827333,-69.2148884333
2015-09-08 10:32:41,861001000767885,27.6,1,10.4886581833,-66.6330531333
2015-09-08 10:27:38,861001000767554,24.6,2,10.0007827333,-69.2148884333
2015-09-08 10:22:14,861001000767554,24.7,2,10.0007827333,-69.2148884333
2015-09-08 10:21:52,861001000767885,27.6,1,10.4886581833,-66.6330531333
2015-09-08 10:16:49,861001000767554,24.7,2,10.0007827333,-69.2148884333
2015-09-08 10:16:27,861001000767885,27.6,1,10.4886581833,-66.6330531333
2015-09-08 10:11:25,861001000767554,24.7,2,10.0007827333,-69.2148884333
2015-09-08 10:11:01,861001000767885,27.7,1,10.4886581833,-66.6330531333
2015-09-08 10:06:00,861001000767554,24.7,2,10.0007827333,-69.2148884333
2015-09-08 10:05:37,861001000767885,27.8,1,10.4886581833,-66.6330531333
2015-09-08 10:00:37,861001000767554,24.7,2,10.0007827333,-69.2148884333
2015-09-08 10:00:13,861001000767885,27.8,1,10.4886581833,-66.6330531333
2015-09-08 09:54:56,861001000767554,24.7,2,10.0007827333,-69.2148884333
2015-09-08 09:54:49,861001000767885,27.8,1,10.4886581833,-66.6330531333
2015-09-08 09:49:32,861001000767554,24.8,2,10.0007827333,-69.2148884333
2015-09-08 09:49:09,861001000767885,27.9,1,10.4886581833,-66.6330531333
2015-09-08 09:44:08,861001000767554,24.8,2,10.0007827333,-69.2148884333
2015-09-08 09:43:45,861001000767885,27.9,1,10.4886581833,-66.6330531333
2015-09-08 09:38:44,861001000767554,24.8,2,10.0007827333,-69.2148884333
2015-09-08 09:38:19,861001000767885,28,1,10.4886581833,-66.6330531333
2015-09-08 09:33:21,861001000767554,24.8,2,10.0007827333,-69.2148884333
2015-09-08 09:32:55,861001000767885,28,1,10.4886581833,-66.6330531333
2015-09-08 09:27:56,861001000767554,24.8,2,10.0007827333,-69.2148884333
2015-09-08 09:27:31,861001000767885,28,1,10.4886581833,-66.6330531333
2015-09-08 09:22:32,861001000767554,24.85,2,10.0007827333,-69.2148884333
2015-09-08 09:17:04,861001000767554,24.85,2,10.0007827333,-69.2148884333
2015-09-08 09:16:42,861001000767885,28.1,1,10.4886581833,-66.6330531333
2015-09-08 09:11:41,861001000767554,24.9,2,10.0007827333,-69.2148884333
2015-09-08 09:11:18,861001000767885,28.2,1,10.4886581833,-66.6330531333
2015-09-08 09:06:15,861001000767554,24.95,2,10.0007827333,-69.2148884333
2015-09-08 09:05:54,861001000767885,28.2,1,10.4886581833,-66.6330531333
2015-09-08 09:00:51,861001000767554,24.95,2,10.0007827333,-69.2148884333
2015-09-08 09:00:29,861001000767885,28.3,1,10.4886581833,-66.6330531333
2015-09-08 08:55:26,861001000767554,24.95,2,10.0007827333,-69.2148884333
2015-09-08 08:55:06,861001000767885,28.3,1,10.4886581833,-66.6330531333
2015-09-08 08:50:03,861001000767554,24.95,2,10.0007827333,-69.2148884333
2015-09-08 08:49:42,861001000767885,28.3,1,10.4886581833,-66.6330531333
2015-09-08 08:44:23,861001000767554,24.95,2,10.0007827333,-69.2148884333
2015-09-08 08:44:18,861001000767885,28.4,1,10.4886581833,-66.6330531333
2015-09-08 08:38:59,861001000767554,25,2,10.0007827333,-69.2148884333
2015-09-08 08:38:38,861001000767885,28.5,1,10.4886581833,-66.6330531333
2015-09-08 08:33:36,861001000767554,25.05,2,10.0007827333,-69.2148884333
2015-09-08 08:33:14,861001000767885,28.5,1,10.4886581833,-66.6330531333
2015-09-08 08:28:12,861001000767554,25.05,2,10.0007827333,-69.2148884333
2015-09-08 08:27:49,861001000767885,28.5,1,10.4886581833,-66.6330531333
2015-09-08 08:22:48,861001000767554,25.1,2,10.0007827333,-69.2148884333
2015-09-08 08:22:24,861001000767885,28.6,1,10.4886581833,-66.6330531333
2015-09-08 08:17:23,861001000767554,25.15,2,10.0007827333,-69.2148884333
2015-09-08 08:17:01,861001000767885,28.6,1,10.4886581833,-66.6330531333
2015-09-08 08:11:59,861001000767554,25.15,2,10.0007827333,-69.2148884333
2015-09-08 08:11:36,861001000767885,28.7,1,10.4886581833,-66.6330531333
2015-09-08 08:06:33,861001000767554,25.15,2,10.0007827333,-69.2148884333
2015-09-08 08:06:12,861001000767885,28.7,1,10.4886581833,-66.6330531333
2015-09-08 08:01:08,861001000767554,25.15,2,10.0007827333,-69.2148884333
2015-09-08 08:00:47,861001000767885,28.7,1,10.4886581833,-66.6330531333
2015-09-08 07:55:42,861001000767554,25.2,2,10.0007827333,-69.2148884333
2015-09-08 07:55:23,861001000767885,28.8,1,10.4886581833,-66.6330531333
2015-09-08 07:50:19,861001000767554,25.2,2,10.0007827333,-69.2148884333
2015-09-08 07:49:59,861001000767885,28.8,1,10.4886581833,-66.6330531333
2015-09-08 07:44:55,861001000767554,25.25,2,10.0007827333,-69.2148884333
2015-09-08 07:44:35,861001000767885,28.9,1,10.4886581833,-66.6330531333
2015-09-08 07:39:29,861001000767554,25.25,2,10.0007827333,-69.2148884333
2015-09-08 07:39:11,861001000767885,28.9,1,10.4886581833,-66.6330531333
2015-09-08 07:34:05,861001000767554,25.25,2,10.0007827333,-69.2148884333
2015-09-08 07:33:44,861001000767885,29,1,10.4886581833,-66.6330531333
2015-09-08 07:28:25,861001000767554,25.25,2,10.0007827333,-69.2148884333
2015-09-08 07:28:18,861001000767885,29,1,10.4886581833,-66.6330531333
2015-09-08 07:23:01,861001000767554,25.35,2,10.0007827333,-69.2148884333
2015-09-08 07:22:55,861001000767885,29.1,1,10.4886581833,-66.6330531333
2015-09-08 07:17:36,861001000767554,25.4,2,10.0007827333,-69.2148884333
2015-09-08 07:17:31,861001000767885,29,1,10.4886581833,-66.6330531333
2015-09-08 07:12:13,861001000767554,25.4,2,10.0007827333,-69.2148884333
2015-09-08 07:12:07,861001000767885,29.1,1,10.4886581833,-66.6330531333
2015-09-08 07:06:47,861001000767554,25.4,2,10.0007827333,-69.2148884333
2015-09-08 07:06:42,861001000767885,29.1,1,10.4886581833,-66.6330531333
2015-09-08 07:01:22,861001000767554,25.4,2,10.0007827333,-69.2148884333
2015-09-08 07:01:18,861001000767885,29.2,1,10.4886581833,-66.6330531333
2015-09-08 06:55:57,861001000767554,25.4,2,10.0007827333,-69.2148884333
2015-09-08 06:55:38,861001000767885,29.2,1,10.4886581833,-66.6330531333
2015-09-08 06:50:33,861001000767554,25.4,2,10.0007827333,-69.2148884333
2015-09-08 06:50:28,861001000767885,29.3,1,10.4886581833,-66.6330531333
2015-09-08 06:45:09,861001000767554,25.4,2,10.0007827333,-69.2148884333
2015-09-08 06:39:45,861001000767554,25.4,2,10.0007827333,-69.2148884333
2015-09-08 06:34:20,861001000767554,25.4,2,10.0007827333,-69.2148884333
2015-09-08 06:34:18,861001000767885,29.4,1,10.4886581833,-66.6330531333
2015-09-08 06:28:57,861001000767554,25.45,2,10.0007827333,-69.2148884333
2015-09-08 06:28:53,861001000767885,29.5,1,10.4886581833,-66.6330531333
2015-09-08 06:23:33,861001000767554,25.55,2,10.0007827333,-69.2148884333
2015-09-08 06:23:19,861001000767885,29.5,1,10.4886581833,-66.6330531333
2015-09-08 06:18:05,861001000767554,25.5,2,10.0007827333,-69.2148884333
2015-09-08 06:17:55,861001000767885,29.5,1,10.4886581833,-66.6330531333
2015-09-08 06:12:41,861001000767554,25.55,2,10.0007827333,-69.2148884333
2015-09-08 06:12:31,861001000767885,29.6,1,10.4886581833,-66.6330531333
2015-09-08 06:07:17,861001000767554,25.55,2,10.0007827333,-69.2148884333
2015-09-08 06:01:53,861001000767554,25.6,2,10.0007827333,-69.2148884333
2015-09-08 05:56:23,861001000767885,29.7,1,10.4886581833,-66.6330531333
2015-09-08 05:56:12,861001000767554,25.7,2,10.0007827333,-69.2148884333
2015-09-08 05:50:48,861001000767554,25.7,2,10.0007827333,-69.2148884333
2015-09-08 05:45:32,861001000767554,25.7,2,10.0007827333,-69.2148884333
2015-09-08 05:40:26,861001000767885,29.8,1,10.4886581833,-66.6330531333
2015-09-08 05:40:08,861001000767554,25.65,2,10.0007827333,-69.2148884333
2015-09-08 05:35:03,861001000767885,29.9,1,10.4886581833,-66.6330531333
2015-09-08 05:34:44,861001000767554,25.75,2,10.0007827333,-69.2148884333
2015-09-08 05:29:22,861001000767885,30,1,10.4886581833,-66.6330531333
2015-09-08 05:29:20,861001000767554,25.75,2,10.0007827333,-69.2148884333
2015-09-08 05:23:58,861001000767885,30,1,10.4886581833,-66.6330531333
2015-09-08 05:23:54,861001000767554,25.8,2,10.0007827333,-69.2148884333
2015-09-08 05:18:34,861001000767885,30.1,1,10.4886581833,-66.6330531333
2015-09-08 05:18:30,861001000767554,25.8,2,10.0007827333,-69.2148884333
2015-09-08 05:13:09,861001000767885,30.1,1,10.4886581833,-66.6330531333
2015-09-08 05:12:50,861001000767554,25.9,2,10.0007827333,-69.2148884333
2015-09-08 05:07:43,861001000767885,30.2,1,10.4886581833,-66.6330531333
2015-09-08 05:07:26,861001000767554,25.95,2,10.0007827333,-69.2148884333
2015-09-08 05:02:19,861001000767885,30.3,1,10.4886581833,-66.6330531333
2015-09-08 05:02:00,861001000767554,25.95,2,10.0007827333,-69.2148884333
2015-09-08 04:56:55,861001000767885,30.3,1,10.4886581833,-66.6330531333
2015-09-08 04:56:36,861001000767554,25.95,2,10.0007827333,-69.2148884333
2015-09-08 04:51:11,861001000767554,26.05,2,10.0007827333,-69.2148884333
2015-09-08 04:45:47,861001000767554,26,2,10.0007827333,-69.2148884333
2015-09-08 04:40:46,861001000767885,30.5,1,10.4886581833,-66.6330531333
2015-09-08 04:40:22,861001000767554,26.05,2,10.0007827333,-69.2148884333
2015-09-08 04:35:22,861001000767885,30.5,1,10.4886581833,-66.6330531333
2015-09-08 04:34:59,861001000767554,26,2,10.0007827333,-69.2148884333
2015-09-08 04:29:57,861001000767885,30.6,1,10.4886581833,-66.6330531333
2015-09-08 04:29:35,861001000767554,26,2,10.0007827333,-69.2148884333
2015-09-08 04:24:32,861001000767885,30.6,1,10.4886581833,-66.6330531333
2015-09-08 04:24:08,861001000767554,26.05,2,10.0007827333,-69.2148884333
2015-09-08 04:19:07,861001000767885,30.7,1,10.4886581833,-66.6330531333
2015-09-08 04:18:44,861001000767554,26.15,2,10.0007827333,-69.2148884333
2015-09-08 04:13:39,861001000767885,30.7,1,10.4886581833,-66.6330531333
2015-09-08 04:13:21,861001000767554,26.25,2,10.0007827333,-69.2148884333
2015-09-08 04:08:29,861001000767885,30.8,1,10.4886581833,-66.6330531333
2015-09-08 04:07:57,861001000767554,26.3,2,10.0007827333,-69.2148884333
2015-09-08 04:03:04,861001000767885,30.8,1,10.4886581833,-66.6330531333
2015-09-08 04:02:32,861001000767554,26.3,2,10.0007827333,-69.2148884333
2015-09-08 03:57:39,861001000767885,30.9,1,10.4886581833,-66.6330531333
2015-09-08 03:57:03,861001000767554,26.3,2,10.0007827333,-69.2148884333
2015-09-08 03:51:39,861001000767554,26.5,2,10.0007827333,-69.2148884333
2015-09-08 03:46:50,861001000767885,31,1,10.4886581833,-66.6330531333
2015-09-08 03:46:14,861001000767554,26.5,2,10.0007827333,-69.2148884333
2015-09-08 03:41:24,861001000767885,31,1,10.4886581833,-66.6330531333
2015-09-08 03:40:49,861001000767554,26.5,2,10.0007827333,-69.2148884333
2015-09-08 03:35:57,861001000767885,31.1,1,10.4886581833,-66.6330531333
2015-09-08 03:35:09,861001000767554,26.55,2,10.0007827333,-69.2148884333
2015-09-08 03:30:29,861001000767885,31.1,1,10.4886581833,-66.6330531333
2015-09-08 03:29:45,861001000767554,26.6,2,10.0007827333,-69.2148884333
2015-09-08 03:25:04,861001000767885,31.2,1,10.4886581833,-66.6330531333
2015-09-08 03:24:34,861001000767554,26.65,2,10.0007827333,-69.2148884333
2015-09-08 03:19:39,861001000767885,31.2,1,10.4886581833,-66.6330531333
2015-09-08 03:18:57,861001000767554,26.8,2,10.0007827333,-69.2148884333
2015-09-08 03:14:15,861001000767885,31.3,1,10.4886581833,-66.6330531333
2015-09-08 03:13:29,861001000767554,26.8,2,10.0007827333,-69.2148884333
2015-09-08 03:08:48,861001000767885,31.3,1,10.4886581833,-66.6330531333
2015-09-08 03:08:13,861001000767554,26.8,2,10.0007827333,-69.2148884333
2015-09-08 03:03:22,861001000767885,31.3,1,10.4886581833,-66.6330531333
2015-09-08 03:02:47,861001000767554,26.8,2,10.0007827333,-69.2148884333
2015-09-08 02:58:02,861001000767885,31.5,1,10.4886581833,-66.6330531333
2015-09-08 02:57:22,861001000767554,26.85,2,10.0007827333,-69.2148884333
2015-09-08 02:52:37,861001000767885,31.5,1,10.4886581833,-66.6330531333
2015-09-08 02:51:55,861001000767554,27,2,10.0007827333,-69.2148884333
2015-09-08 02:47:09,861001000767885,31.5,1,10.4886581833,-66.6330531333
2015-09-08 02:46:30,861001000767554,27,2,10.0007827333,-69.2148884333
2015-09-08 02:41:44,861001000767885,31.6,1,10.4886581833,-66.6330531333
2015-09-08 02:41:04,861001000767554,27.05,2,10.0007827333,-69.2148884333
2015-09-08 02:36:19,861001000767885,31.7,1,10.4886581833,-66.6330531333
2015-09-08 02:35:39,861001000767554,27.1,2,10.0007827333,-69.2148884333
2015-09-08 02:30:54,861001000767885,31.7,1,10.4886581833,-66.6330531333
2015-09-08 02:30:08,861001000767554,27.05,2,10.0007827333,-69.2148884333
2015-09-08 02:25:25,861001000767885,31.8,1,10.4886581833,-66.6330531333
2015-09-08 02:24:49,861001000767554,27.2,2,10.0007827333,-69.2148884333
2015-09-08 02:20:01,861001000767885,31.8,1,10.4886581833,-66.6330531333
2015-09-08 02:19:23,861001000767554,27.25,2,10.0007827333,-69.2148884333
2015-09-08 02:14:34,861001000767885,31.9,1,10.4886581833,-66.6330531333
2015-09-08 02:13:57,861001000767554,27.3,2,10.0007827333,-69.2148884333
2015-09-08 02:09:24,861001000767885,32,1,10.4886581833,-66.6330531333
2015-09-08 02:08:32,861001000767554,27.4,2,10.0007827333,-69.2148884333
2015-09-08 02:03:56,861001000767885,32,1,10.4886581833,-66.6330531333
2015-09-08 02:03:05,861001000767554,27.4,2,10.0007827333,-69.2148884333
2015-09-08 01:58:26,861001000767885,32.1,1,10.4886581833,-66.6330531333
2015-09-08 01:57:40,861001000767554,27.4,2,10.0007827333,-69.2148884333
2015-09-08 01:53:01,861001000767885,32.2,1,10.4886581833,-66.6330531333
2015-09-08 01:52:11,861001000767554,27.45,2,10.0007827333,-69.2148884333
2015-09-08 01:47:34,861001000767885,32.2,1,10.4886581833,-66.6330531333
2015-09-08 01:46:54,861001000767554,27.45,2,10.0007827333,-69.2148884333
2015-09-08 01:42:22,861001000767885,32.3,1,10.4886581833,-66.6330531333
2015-09-08 01:41:29,861001000767554,27.5,2,10.0007827333,-69.2148884333
2015-09-08 01:36:54,861001000767885,32.3,1,10.4886581833,-66.6330531333
2015-09-08 01:36:05,861001000767554,27.65,2,10.0007827333,-69.2148884333
2015-09-08 01:31:25,861001000767885,32.4,1,10.4886581833,-66.6330531333
2015-09-08 01:30:38,861001000767554,27.75,2,10.0007827333,-69.2148884333
2015-09-08 01:25:59,861001000767885,32.5,1,10.4886581833,-66.6330531333
2015-09-08 01:25:11,861001000767554,27.8,2,10.0007827333,-69.2148884333
2015-09-08 01:20:35,861001000767885,32.5,1,10.4886581833,-66.6330531333
2015-09-08 01:19:45,861001000767554,27.95,2,10.0007827333,-69.2148884333
2015-09-08 01:15:09,861001000767885,32.6,1,10.4886581833,-66.6330531333
2015-09-08 01:14:17,861001000767554,28,2,10.0007827333,-69.2148884333
2015-09-08 01:09:41,861001000767885,32.6,1,10.4886581833,-66.6330531333
2015-09-08 01:08:51,861001000767554,28.1,2,10.0007827333,-69.2148884333
2015-09-08 01:04:27,861001000767885,32.7,1,10.4886581833,-66.6330531333
2015-09-08 01:03:37,861001000767554,28.05,2,10.0007827333,-69.2148884333
2015-09-08 00:58:59,861001000767885,32.7,1,10.4886581833,-66.6330531333
2015-09-08 00:58:09,861001000767554,28.25,2,10.0007827333,-69.2148884333
2015-09-08 00:53:32,861001000767885,32.8,1,10.4886581833,-66.6330531333
2015-09-08 00:52:43,861001000767554,28.45,2,10.0007827333,-69.2148884333
2015-09-08 00:48:05,861001000767885,32.9,1,10.4886581833,-66.6330531333
2015-09-08 00:47:18,861001000767554,28.55,2,10.0007827333,-69.2148884333
2015-09-08 00:42:37,861001000767885,33,1,10.4886581833,-66.6330531333
2015-09-08 00:41:49,861001000767554,28.55,2,10.0007827333,-69.2148884333
2015-09-08 00:37:26,861001000767885,33,1,10.4886581833,-66.6330531333
2015-09-08 00:36:23,861001000767554,28.55,2,10.0007827333,-69.2148884333
2015-09-08 00:31:56,861001000767885,33.1,1,10.4886581833,-66.6330531333
2015-09-08 00:31:00,861001000767554,28.7,2,10.0007827333,-69.2148884333
2015-09-08 00:26:29,861001000767885,33.1,1,10.4886581833,-66.6330531333
2015-09-08 00:25:46,861001000767554,28.75,2,10.0007827333,-69.2148884333
2015-09-08 00:21:04,861001000767885,33.2,1,10.4886581833,-66.6330531333
2015-09-08 00:20:16,861001000767554,28.8,2,10.0007827333,-69.2148884333
2015-09-08 00:15:40,861001000767885,33.3,1,10.4886581833,-66.6330531333
2015-09-08 00:14:49,861001000767554,28.95,2,10.0007827333,-69.2148884333
2015-09-08 00:10:12,861001000767885,33.3,1,10.4886581833,-66.6330531333
2015-09-08 00:09:27,861001000767554,29.05,2,10.0007827333,-69.2148884333
2015-09-08 00:04:43,861001000767885,33.5,1,10.4886581833,-66.6330531333
2015-09-08 00:03:57,861001000767554,29.05,2,10.0007827333,-69.2148884333
